-0.6256103515625,-27.4810791015625,-20.7061767578125,-20.31707763671875,-247.50518798828125
175.65155029296875,-152.9388427734375,-143.646240234375,196.685791015625,-236.0382080078125
181.55670166015625,207.8094482421875,-243.10302734375,180.24444580078125,-156.2957763671875
-158.91265869140625,228.1951904296875,-239.47906494140625,-98.6328125,212.3565673828125
-225.85296630859375,-0.75531005859375,111.68670654296875,-175.323486328125,207.21435546875
-174.21722412109375,249.99237060546875,-231.22406005859375,249.99237060546875,-40.313720703125
154.51812744140625,169.89898681640625,-250.0,241.70684814453125,-64.59808349609375
-1.52587890625,236.9537353515625,-197.3724365234375,148.101806640625,69.5648193359375
-152.03094482421875,249.99237060546875,-94.6197509765625,129.23431396484375,80.2001953125
-52.60467529296875,227.39410400390625,-178.13873291015625,161.31591796875,74.56207275390625
-1.220703125,100.48675537109375,-232.20062255859375,213.66119384765625,37.11700439453125
-63.59100341796875,216.1712646484375,-228.43170166015625,56.32781982421875,200.5767822265625
-178.74908447265625,223.22845458984375,-237.0758056640625,222.32818603515625,-68.3746337890625
-171.73004150390625,249.99237060546875,-219.4061279296875,187.1185302734375,-2.54058837890625
-212.493896484375,15.56396484375,-184.02862548828125,0.09918212890625,-100.88348388671875
144.30999755859375,-176.24664306640625,52.9632568359375,-64.3310546875,-116.302490234375
-29.4647216796875,-114.349365234375,-106.30035400390625,-141.2506103515625,-10.5438232421875
-178.38287353515625,249.99237060546875,-211.28082275390625,249.99237060546875,-250.0
225.616455078125,-250.0,209.72442626953125,1.6632080078125,-157.318115234375
249.99237060546875,-204.0863037109375,204.803466796875,42.0989990234375,-245.03326416015625
12.481689453125,58.76922607421875,-38.39874267578125,57.0526123046875,-44.2352294921875
73.2269287109375,-36.1785888671875,-110.992431640625,-13.80157470703125,-28.167724609375
-0.84686279296875,25.84075927734375,6.439208984375,-3.21197509765625,-24.993896484375
-7.62939453125,-6.61468505859375,-14.9993896484375,4.2266845703125,-2.83050537109375
-3.2196044921875,19.1802978515625,5.859375,11.40594482421875,3.1280517578125
-1.48773193359375,-3.34930419921875,-31.982421875,51.82647705078125,-23.15521240234375
52.75726318359375,-13.6566162109375,44.7235107421875,-7.69805908203125,13.75579833984375
-5.706787109375,-26.14593505859375,-18.37921142578125,7.32421875,-15.594482421875
16.2811279296875,-29.3121337890625,7.568359375,-16.1590576171875,14.739990234375
111.236572265625,-13.61083984375,-29.1290283203125,23.8494873046875,28.3355712890625
4.2877197265625,8.60595703125,-56.121826171875,25.45166015625,-35.74371337890625
41.96929931640625,40.39764404296875,47.50823974609375,26.0162353515625,-53.21502685546875
-77.5146484375,29.266357421875,-33.02001953125,64.68963623046875,-39.61944580078125
-24.83367919921875,17.82989501953125,-2.41851806640625,-44.952392578125,-42.6177978515625
30.87615966796875,-44.24285888671875,54.5501708984375,-9.21630859375,22.674560546875
1.44195556640625,-51.8035888671875,-26.4129638671875,-0.8544921875,-114.34173583984375
-13.48876953125,76.51519775390625,-84.4879150390625,106.0638427734375,-28.81622314453125
89.25628662109375,-31.86798095703125,52.337646484375,-38.14697265625,119.4915771484375
-41.80145263671875,62.255859375,-19.34814453125,26.20697021484375,-29.2510986328125
29.72412109375,2.60162353515625,14.53399658203125,-5.94329833984375,-9.6588134765625
-0.2593994140625,-1.4495849609375,14.15252685546875,-24.34539794921875,35.858154296875
-8.32366943359375,140.8843994140625,-108.57391357421875,-179.54254150390625,192.45147705078125
-9.63592529296875,76.934814453125,117.9656982421875,-118.90411376953125,163.52081298828125
-199.8748779296875,249.99237060546875,-207.6873779296875,249.99237060546875,-141.42608642578125
-21.03424072265625,-108.88671875,-153.05328369140625,-13.6566162109375,-200.93536376953125
243.06488037109375,-225.76141357421875,198.486328125,-228.6224365234375,26.9012451171875
102.11944580078125,-143.157958984375,215.29388427734375,-205.2001953125,201.36260986328125
19.9127197265625,132.57598876953125,80.10101318359375,-7.31658935546875,-49.29351806640625
167.90771484375,45.43304443359375,47.73712158203125,144.21844482421875,-113.99078369140625
170.23468017578125,-184.97467041015625,204.62799072265625,-73.028564453125,25.69580078125
19.012451171875,1.04522705078125,-1.86920166015625,-3.7841796875,-2.86102294921875
-0.8697509765625,20.1416015625,-75.6988525390625,0.2288818359375,249.99237060546875
24.46746826171875,-201.77459716796875,180.73272705078125,47.49298095703125,-207.42034912109375
184.8907470703125,16.74652099609375,-250.0,240.7073974609375,100.9063720703125
-250.0,143.04351806640625,202.606201171875,-250.0,62.6373291015625
62.4542236328125,-205.0323486328125,210.3118896484375,129.58526611328125,-208.85467529296875
184.08966064453125,2.6702880859375,-250.0,173.797607421875,128.97491455078125
-250.0,133.84246826171875,76.7822265625,-243.01910400390625,32.60040283203125
146.1334228515625,-250.0,101.28021240234375,87.2344970703125,-250.0
-186.981201171875,189.07928466796875,-219.42138671875,179.32891845703125,91.77398681640625
-2.31170654296875,-1.7852783203125,0.55694580078125,-1.27410888671875,-1.38092041015625
-0.7781982421875,-2.655029296875,-0.9613037109375,19.0277099609375,-250.0
-57.65533447265625,92.04864501953125,-250.0,140.472412109375,76.82037353515625
-250.0,30.18951416015625,171.600341796875,-224.7161865234375,188.9190673828125
152.74810791015625,-205.29937744140625,159.58404541015625,168.83087158203125,-250.0
127.9296875,211.5631103515625,-247.7874755859375,-78.13262939453125,98.10638427734375
-250.0,137.14599609375,201.75933837890625,-250.0,127.25830078125
152.38189697265625,-247.039794921875,157.867431640625,215.76690673828125,-244.07958984375
249.99237060546875,60.29510498046875,-210.10589599609375,230.64422607421875,188.57574462890625
-250.0,160.28594970703125,37.7960205078125,-250.0,94.8486328125
-1.1749267578125,1.5106201171875,-2.26593017578125,-2.60162353515625,-1.617431640625
104.68292236328125,-212.738037109375,129.73785400390625,-80.26123046875,-172.454833984375
219.4366455078125,-210.92987060546875,236.39678955078125,24.505615234375,91.2933349609375
120.0103759765625,-249.5880126953125,158.65325927734375,-172.69134521484375,239.37225341796875
3.73077392578125,-178.10821533203125,229.56085205078125,-250.0,209.136962890625
96.47369384765625,-245.5596923828125,242.49267578125,-161.44561767578125,219.09332275390625
-249.176025390625,102.84423828125,139.47296142578125,-96.99249267578125,232.93304443359375
-181.5338134765625,236.175537109375,55.60302734375,-58.08258056640625,-2.70843505859375
-163.4674072265625,228.63006591796875,-250.0,249.99237060546875,-161.041259765625
135.29205322265625,180.51910400390625,-156.62384033203125,241.6229248046875,-94.1314697265625
-2.5787353515625,111.80877685546875,-229.3243408203125,171.80633544921875,70.32012939453125
-38.4063720703125,217.49114990234375,-191.1468505859375,223.3428955078125,-250.0
249.99237060546875,-154.13665771484375,164.63470458984375,106.43768310546875,44.60906982421875
93.62030029296875,-141.7083740234375,107.12432861328125,-199.52392578125,88.1500244140625
-200.7904052734375,56.3201904296875,-124.4964599609375,71.9146728515625,131.3018798828125
-250.0,199.0966796875,249.99237060546875,-250.0,249.99237060546875
-33.3709716796875,107.50579833984375,171.02813720703125,-214.95819091796875,122.47467041015625
-199.8291015625,229.27093505859375,-198.211669921875,-3.1280517578125,-24.97100830078125
-99.99847412109375,137.56561279296875,-211.11297607421875,-139.2974853515625,212.18109130859375
-183.31146240234375,127.47955322265625,182.45697021484375,-143.04351806640625,87.09716796875
-1.02996826171875,38.0096435546875,10.78033447265625,-30.6243896484375,14.3890380859375
-15.8233642578125,14.18304443359375,-1.06048583984375,32.31048583984375,12.59613037109375
-5.37109375,2.44903564453125,-16.0064697265625,-62.85858154296875,9.033203125
-6.5765380859375,44.0521240234375,52.68096923828125,-23.17047119140625,-54.57305908203125
32.6690673828125,2.66265869140625,-16.16668701171875,-17.78411865234375,-38.6199951171875
-4.63104248046875,18.890380859375,18.65386962890625,6.78253173828125,-4.21142578125
-4.70733642578125,23.8494873046875,-50.31585693359375,-6.0577392578125,44.60906982421875
-8.0413818359375,14.22882080078125,-23.79608154296875,13.7481689453125,-105.75103759765625
39.2303466796875,-38.61236572265625,27.6641845703125,-18.1732177734375,9.674072265625
56.89239501953125,22.9644775390625,-44.04449462890625,57.28912353515625,-63.10272216796875
-0.23651123046875,0.41961669921875,-1.18255615234375,-0.518798828125,-17.1966552734375
-67.2760009765625,30.2581787109375,-48.675537109375,48.248291015625,-38.44451904296875
45.10498046875,-46.112060546875,41.8243408203125,129.119873046875,-41.6717529296875
75.11138916015625,-32.09686279296875,26.35955810546875,-21.14105224609375,49.90386962890625
9.33074951171875,18.3868408203125,-33.40911865234375,42.1142578125,0.8087158203125
10.4217529296875,15.7623291015625,51.7120361328125,-34.3170166015625,75.29449462890625
-34.8968505859375,50.49896240234375,-42.236328125,27.2216796875,-86.38763427734375
52.2003173828125,-56.2591552734375,61.94305419921875,-63.4002685546875,39.49737548828125
-17.70782470703125,46.68426513671875,15.22064208984375,34.09576416015625,7.87353515625
77.49176025390625,-36.07177734375,101.6082763671875,-36.0565185546875,-14.25933837890625
0.3814697265625,1.62506103515625,-1.5869140625,-26.7333984375,9.89532470703125
19.2718505859375,-12.26043701171875,-7.63702392578125,-34.9578857421875,-25.7720947265625
17.17376708984375,-3.6773681640625,-22.705078125,28.09906005859375,-4.82177734375
-31.10504150390625,9.3994140625,-26.4892578125,-30.6854248046875,71.7010498046875
-25.146484375,-19.90509033203125,9.1400146484375,-16.02935791015625,43.17474365234375
-8.8653564453125,0.80108642578125,9.75799560546875,55.41229248046875,28.26690673828125
0.32806396484375,48.36273193359375,-53.070068359375,0.69427490234375,40.64178466796875
-25.0091552734375,0.8087158203125,13.66424560546875,-36.865234375,33.599853515625
65.948486328125,-31.2957763671875,-6.30950927734375,33.721923828125,-21.99554443359375
-0.60272216796875,28.9459228515625,-21.728515625,11.016845703125,49.32403564453125
1.007080078125,-0.81634521484375,-3.173828125,16.65496826171875,-34.6527099609375
37.33062744140625,-2.532958984375,-13.85498046875,-11.80267333984375,-60.1348876953125
54.7027587890625,-0.30517578125,64.73541259765625,-7.3394775390625,-28.1219482421875
-27.6031494140625,56.5948486328125,-23.07891845703125,-15.29693603515625,13.00811767578125
-54.901123046875,-4.09698486328125,69.90814208984375,-38.94805908203125,36.43798828125
-4.93621826171875,-16.5863037109375,-18.25714111328125,-30.5938720703125,32.14263916015625
-0.83160400390625,1.678466796875,-41.19110107421875,-14.2669677734375,16.7388916015625
-23.5443115234375,67.8863525390625,20.68328857421875,-57.525634765625,-15.19775390625
63.88092041015625,-22.1099853515625,45.06683349609375,-51.300048828125,25.42877197265625
4.08172607421875,40.679931640625,-16.1895751953125,-94.146728515625,-27.27508544921875
-1.86920166015625,-15.19775390625,14.9993896484375,-25.0396728515625,5.1727294921875
93.69659423828125,-32.745361328125,42.21343994140625,-10.8489990234375,-94.97833251953125
-46.69952392578125,0.67138671875,60.00518798828125,-68.115234375,66.1773681640625
-45.98236083984375,-30.4107666015625,10.528564453125,9.65118408203125,68.84765625
-39.8406982421875,8.55255126953125,-19.1192626953125,13.7176513671875,21.64459228515625
-20.05767822265625,69.17572021484375,-24.7955322265625,32.958984375,-44.96002197265625
0.69427490234375,36.68212890625,2.98309326171875,44.18182373046875,-41.32843017578125
17.2119140625,-44.36492919921875,0.4730224609375,56.84661865234375,-61.50054931640625
28.20587158203125,-22.1099853515625,1.708984375,16.2506103515625,-19.72198486328125
31.219482421875,-45.37200927734375,30.83038330078125,7.6141357421875,-13.80157470703125
-1.46484375,-3.86810302734375,5.39398193359375,6.47735595703125,23.8037109375
-50.23956298828125,50.048828125,-18.98193359375,11.53564453125,-26.19171142578125
29.56390380859375,-28.1829833984375,12.8021240234375,25.56610107421875,-61.62261962890625
59.77630615234375,-11.3372802734375,26.08489990234375,-54.26788330078125,-7.6751708984375
20.34759521484375,-20.01190185546875,71.990966796875,-35.4766845703125,58.2275390625
-28.4271240234375,0.9002685546875,25.70343017578125,-20.751953125,79.50592041015625
-18.1884765625,17.15850830078125,-30.18951416015625,-19.83642578125,-20.48492431640625
13.2904052734375,-49.26300048828125,-107.76519775390625,30.75408935546875,-3.0670166015625
8.36944580078125,-26.13067626953125,-22.63641357421875,63.079833984375,-48.52294921875
45.5780029296875,1.54876708984375,7.42340087890625,19.47784423828125,-39.4287109375
-3.92913818359375,2.84576416015625,-25.42877197265625,65.216064453125,-41.4886474609375
-6.06536865234375,-41.00799560546875,58.57086181640625,-30.1513671875,37.628173828125
-30.364990234375,22.064208984375,9.6893310546875,-7.415771484375,111.7095947265625
-44.281005859375,-15.2740478515625,-46.2188720703125,-51.361083984375,-15.7623291015625
-27.130126953125,55.56488037109375,-41.778564453125,4.5928955078125,-37.34588623046875
-35.9954833984375,102.72979736328125,-30.02166748046875,62.58392333984375,55.48858642578125
-22.6898193359375,-10.772705078125,-70.7244873046875,64.483642578125,38.88702392578125
-6.34765625,-26.4739990234375,-4.63104248046875,0.06866455078125,53.253173828125
-13.519287109375,48.9501953125,-25.4669189453125,74.40185546875,-67.3828125
80.98602294921875,-23.2391357421875,-50.23956298828125,59.5550537109375,-42.633056640625
-2.25830078125,-2.6702880859375,-3.76129150390625,146.26312255859375,-218.46771240234375
188.42315673828125,2.25830078125,-216.11785888671875,170.5780029296875,-250.0
226.1505126953125,-250.0,61.62261962890625,-98.15216064453125,-150.0396728515625
195.49560546875,-188.59100341796875,85.2813720703125,-165.283203125,198.1048583984375
-190.84930419921875,237.49542236328125,-222.4578857421875,20.57647705078125,246.60491943359375
-250.0,249.99237060546875,-64.82696533203125,7.94219970703125,43.3349609375
-43.9910888671875,220.69549560546875,-250.0,217.96417236328125,-250.0
245.33843994140625,-170.9136962890625,-13.92364501953125,36.84234619140625,-112.579345703125
-3.97491455078125,-183.8531494140625,171.08917236328125,-168.19000244140625,122.7874755859375
-215.179443359375,184.30328369140625,-47.393798828125,-180.6640625,113.53302001953125
-0.5340576171875,-0.72479248046875,-0.11444091796875,1.28173828125,-45.3948974609375
-195.7550048828125,241.50848388671875,-237.70904541015625,222.137451171875,-176.23138427734375
57.2357177734375,171.19598388671875,-126.93023681640625,193.389892578125,-250.0
217.132568359375,81.6497802734375,148.895263671875,80.2001953125,39.9017333984375
-106.3232421875,-175.97198486328125,192.80242919921875,-204.5135498046875,144.775390625
-59.9822998046875,107.2235107421875,128.37982177734375,-183.18939208984375,50.872802734375
-212.68463134765625,102.11181640625,-224.37286376953125,174.29351806640625,-133.00323486328125
-140.25115966796875,249.99237060546875,-176.025390625,-178.52020263671875,232.78045654296875
-235.81695556640625,-36.12518310546875,186.5692138671875,-209.8388671875,-229.16412353515625
249.99237060546875,-102.72979736328125,-42.48046875,249.99237060546875,-1.4801025390625
5.36346435546875,-168.39599609375,193.90106201171875,-17.4102783203125,-148.27728271484375
39.61181640625,-164.64996337890625,75.79803466796875,-98.8006591796875,-24.39117431640625
47.98126220703125,92.1478271484375,66.00189208984375,-97.86224365234375,111.51885986328125
-163.42926025390625,219.21539306640625,-240.6768798828125,-56.78558349609375,60.638427734375
-250.0,126.4495849609375,-38.18511962890625,-246.9329833984375,239.990234375
-80.7342529296875,-248.61907958984375,249.99237060546875,-110.1531982421875,53.24554443359375
249.99237060546875,-161.21673583984375,114.72320556640625,214.40887451171875,-243.621826171875
208.80126953125,0.3814697265625,-222.9156494140625,249.99237060546875,-35.9954833984375
31.890869140625,148.284912109375,-175.59814453125,160.5987548828125,-39.8406982421875
-72.57080078125,241.5924072265625,-77.70538330078125,169.8455810546875,-17.38739013671875
-1.33514404296875,-3.36456298828125,-2.2430419921875,-15.25115966796875,-45.7000732421875
-13.23699951171875,-14.64080810546875,-6.34765625,20.24078369140625,2.43377685546875
3.47900390625,50.91094970703125,-33.7371826171875,44.92950439453125,-30.43365478515625
95.703125,-33.08868408203125,77.93426513671875,-33.66851806640625,16.19720458984375
-44.98291015625,-8.79669189453125,47.85919189453125,-26.49688720703125,129.8675537109375
-28.7933349609375,63.94195556640625,-19.29473876953125,39.6728515625,-28.6865234375
-13.49639892578125,-3.7384033203125,-61.370849609375,78.63616943359375,-31.219482421875
65.75775146484375,-40.34423828125,36.0107421875,-6.0882568359375,15.06805419921875
3.7078857421875,-32.53936767578125,44.70062255859375,-30.9600830078125,55.93109130859375
-41.84722900390625,-0.16021728515625,-54.4586181640625,-3.63922119140625,-36.3311767578125
-250.0,-81.5277099609375,-229.78973388671875,-167.28973388671875,-206.4361572265625
-20.01953125,125.6561279296875,202.43072509765625,148.12469482421875,173.4619140625
-17.20428466796875,-166.0919189453125,-227.1575927734375,-162.42218017578125,7.1258544921875
199.127197265625,165.5731201171875,122.7569580078125,6.46209716796875,-225.16632080078125
-238.9068603515625,-85.14404296875,-30.38787841796875,127.8228759765625,249.99237060546875
159.85107421875,78.643798828125,-110.3668212890625,-162.51373291015625,-107.64312744140625
-75.3326416015625,14.801025390625,139.33563232421875,140.8233642578125,188.25531005859375
-0.05340576171875,-119.964599609375,-116.2109375,-194.3511962890625,-6.01959228515625
83.0230712890625,128.42559814453125,82.1990966796875,-8.6517333984375,-111.27471923828125
-164.43634033203125,-95.0927734375,-3.31878662109375,181.81610107421875,157.20367431640625
-5.69915771484375,-16.357421875,-70.4345703125,-108.43658447265625,-86.669921875
-18.6309814453125,61.04278564453125,135.3302001953125,176.7730712890625,189.0869140625
-37.10174560546875,-179.58831787109375,-161.1785888671875,-55.25970458984375,-11.95526123046875
160.89630126953125,130.67626953125,167.755126953125,56.06842041015625,-96.71783447265625
-186.1114501953125,-182.2967529296875,-37.04071044921875,71.60186767578125,162.74261474609375
194.183349609375,79.7576904296875,-95.92437744140625,-132.0953369140625,-155.83038330078125
-68.76373291015625,94.73419189453125,167.2821044921875,168.37310791015625,124.85504150390625
-42.90008544921875,-139.25933837890625,-132.75909423828125,-143.88275146484375,-11.81793212890625
136.97052001953125,125.25177001953125,118.46923828125,82.52716064453125,-56.121826171875
-205.95550537109375,-132.89642333984375,-118.8201904296875,-61.6455078125,248.64959716796875
195.0225830078125,122.84088134765625,64.30816650390625,-171.1273193359375,-127.15911865234375
-150.5889892578125,-119.94171142578125,25.909423828125,226.40228271484375,188.812255859375
174.285888671875,-23.85711669921875,-93.75762939453125,-107.87200927734375,-194.9310302734375
-83.86993408203125,85.70098876953125,249.99237060546875,196.80023193359375,84.7015380859375
-41.839599609375,-145.08056640625,-187.652587890625,-126.7242431640625,-10.498046875
180.13763427734375,180.877685546875,123.4588623046875,-39.9322509765625,-91.033935546875
-97.69439697265625,-135.9710693359375,52.276611328125,180.25970458984375,222.3052978515625
116.5618896484375,-20.72906494140625,-106.57501220703125,-176.97906494140625,-186.859130859375
-35.49957275390625,88.165283203125,234.32159423828125,100.9368896484375,131.34002685546875
-47.66845703125,-190.8721923828125,-123.3673095703125,-184.37957763671875,-71.89178466796875
82.14569091796875,189.971923828125,121.17767333984375,126.59454345703125,-5.68389892578125
-157.5775146484375,-99.76959228515625,-122.406005859375,-100.56304931640625,15.80810546875
175.28533935546875,220.77178955078125,127.3651123046875,54.86297607421875,-223.3123779296875
-183.75396728515625,-154.86907958984375,-67.5048828125,28.228759765625,249.99237060546875
70.7550048828125,111.48834228515625,-138.458251953125,-242.3248291015625,-160.7208251953125
-89.7064208984375,22.2625732421875,165.069580078125,144.21844482421875,137.29095458984375
-44.189453125,-212.982177734375,-158.5540771484375,-188.96484375,15.51055908203125
118.72100830078125,77.52227783203125,168.0450439453125,178.84063720703125,-91.98760986328125
-157.562255859375,-109.70306396484375,-107.76519775390625,14.59503173828125,86.57073974609375
178.71856689453125,130.1727294921875,34.1339111328125,-86.6851806640625,-173.33984375
-132.3394775390625,-207.9010009765625,18.82171630859375,129.82177734375,134.3536376953125
124.603271484375,85.9832763671875,16.10565185546875,-250.0,-124.0386962890625
-161.2091064453125,163.3148193359375,228.1951904296875,122.13897705078125,101.2115478515625
-92.46826171875,-165.7867431640625,-102.37884521484375,-99.60174560546875,-68.84002685546875
111.82403564453125,151.63421630859375,119.95697021484375,113.677978515625,-18.54705810546875
-147.07183837890625,-125.89263916015625,-140.869140625,43.05267333984375,145.91217041015625
147.72796630859375,102.8594970703125,98.5107421875,-94.8944091796875,-131.7596435546875
-226.72271728515625,18.89801025390625,100.91400146484375,143.0511474609375,129.1046142578125
108.80279541015625,-181.95343017578125,-116.21856689453125,-138.69476318359375,-165.10772705078125
62.99591064453125,249.99237060546875,106.59027099609375,149.37591552734375,-45.196533203125
-163.7420654296875,-157.90557861328125,-144.55413818359375,-45.2880859375,163.99383544921875
123.08502197265625,110.29815673828125,148.01788330078125,-41.290283203125,-222.6715087890625
-70.1751708984375,-159.88922119140625,-75.0274658203125,114.654541015625,181.976318359375
150.970458984375,104.1107177734375,-92.59796142578125,-211.97509765625,-45.9747314453125
-196.0296630859375,15.17486572265625,190.36102294921875,132.86590576171875,169.33441162109375
-39.5355224609375,-198.883056640625,-116.4093017578125,-96.58050537109375,19.93560791015625
188.5833740234375,122.93243408203125,120.21636962890625,-2.899169921875,-195.6787109375
-115.4022216796875,-142.181396484375,36.10992431640625,234.9853515625,166.13006591796875
112.9913330078125,-26.92413330078125,-165.65704345703125,-158.97369384765625,-21.36993408203125
117.17987060546875,237.92266845703125,110.81695556640625,165.9088134765625,-22.19390869140625
-166.93115234375,-151.61895751953125,-108.1085205078125,76.904296875,212.68463134765625
126.71661376953125,157.684326171875,8.9263916015625,-195.59478759765625,-114.73846435546875
-119.20928955078125,-10.3912353515625,202.301025390625,131.24847412109375,133.97216796875
99.32708740234375,-131.103515625,-163.33770751953125,-237.98370361328125,-240.814208984375
29.47235107421875,177.398681640625,133.1634521484375,127.34222412109375,125.63323974609375
-75.23345947265625,-108.58154296875,-125.5645751953125,-148.71978759765625,-172.69134521484375
16.6168212890625,167.61016845703125,138.49639892578125,155.82275390625,37.933349609375
-128.25775146484375,-142.76885986328125,-119.110107421875,-111.30523681640625,51.10931396484375
205.42144775390625,190.6890869140625,118.4234619140625,-5.53131103515625,-123.35968017578125
-109.09271240234375,-211.5020751953125,10.9100341796875,159.03472900390625,160.5377197265625
101.07421875,134.55963134765625,-122.6959228515625,-142.02880859375,-133.72802734375
-234.0545654296875,-14.22119140625,102.813720703125,126.8463134765625,156.2652587890625
161.17095947265625,-82.37457275390625,-108.551025390625,-62.3779296875,-148.36883544921875
-69.1986083984375,20.08056640625,141.9525146484375,115.966796875,105.52978515625
74.79095458984375,-103.12652587890625,-191.8182373046875,-104.30908203125,-56.9915771484375
-57.65533447265625,98.59466552734375,152.8167724609375,173.45428466796875,155.60150146484375
13.1683349609375,-173.9959716796875,-152.3284912109375,-96.2371826171875,-155.8380126953125
146.53778076171875,208.251953125,203.7200927734375,129.6539306640625,88.8519287109375
57.33489990234375,-174.78179931640625,-134.94873046875,-173.5382080078125,-157.06634521484375
39.0777587890625,212.7227783203125,168.212890625,146.12579345703125,124.33624267578125
-202.73590087890625,-98.96087646484375,-53.10821533203125,-164.8712158203125,-99.151611328125
-92.529296875,154.144287109375,113.68560791015625,115.40985107421875,105.7586669921875
206.42852783203125,-193.74847412109375,-98.69384765625,-164.87884521484375,-82.40509033203125
-250.0,53.2073974609375,105.133056640625,119.14825439453125,91.3543701171875
142.6239013671875,-17.9290771484375,-224.67803955078125,-117.645263671875,-96.74835205078125
-139.373779296875,104.20989990234375,157.9132080078125,81.84051513671875,96.59576416015625
129.76837158203125,-22.72796630859375,-179.779052734375,-135.99395751953125,-148.681640625
-81.8939208984375,38.39111328125,179.64935302734375,118.316650390625,119.43817138671875
148.06365966796875,-155.32684326171875,-96.71783447265625,-107.44476318359375,-128.21197509765625
-35.13336181640625,94.5281982421875,209.00726318359375,86.55548095703125,156.55517578125
174.04937744140625,-58.8531494140625,10.87188720703125,-221.771240234375,-125.7781982421875
-120.4833984375,2.22015380859375,128.34930419921875,141.62445068359375,78.0181884765625
130.65338134765625,64.04876708984375,-160.92681884765625,-101.79901123046875,-156.494140625
-197.02911376953125,19.14215087890625,83.61053466796875,127.4566650390625,70.49560546875
154.388427734375,91.65191650390625,-119.62890625,-185.7147216796875,-135.23101806640625
-118.865966796875,7.568359375,111.15264892578125,157.98187255859375,92.254638671875
26.17645263671875,32.26470947265625,13.84735107421875,-228.11126708984375,-169.4488525390625
-80.08575439453125,40.5426025390625,159.5916748046875,182.06787109375,96.49658203125
-19.40155029296875,-96.25244140625,-74.432373046875,-128.77655029296875,-121.78802490234375
34.21783447265625,107.58209228515625,108.062744140625,64.46075439453125,88.76800537109375
-3.10516357421875,24.505615234375,0.16021728515625,6.73675537109375,-0.63323974609375
-2.96783447265625,28.98406982421875,-0.1678466796875,2.76947021484375,-16.45660400390625
-14.984130859375,-2.7313232421875,-5.42449951171875,22.003173828125,4.7149658203125
2.74658203125,-17.76123046875,-13.95416259765625,-15.25115966796875,1.2359619140625
17.486572265625,3.448486328125,-8.15582275390625,6.03485107421875,3.85284423828125
-7.2784423828125,6.75201416015625,25.74920654296875,-5.0201416015625,-0.30517578125
-22.94921875,-12.51983642578125,10.78033447265625,11.05499267578125,-2.32696533203125
0.32806396484375,-10.3912353515625,-6.4697265625,9.33837890625,12.45880126953125
-18.08929443359375,17.26531982421875,-2.044677734375,-16.448974609375,1.708984375
11.90185546875,2.685546875,5.7525634765625,-12.70294189453125,7.1868896484375
25.20751953125,18.1121826171875,-25.61187744140625,13.6260986328125,-5.01251220703125
4.75311279296875,1.01470947265625,20.3399658203125,-21.21734619140625,45.4254150390625
13.702392578125,-8.27789306640625,8.3465576171875,25.12359619140625,-16.19720458984375
79.29229736328125,-21.91162109375,-6.9732666015625,-5.2337646484375,9.21630859375
-15.13671875,16.2353515625,12.64190673828125,-10.44464111328125,2.47955322265625
-14.8162841796875,-20.50018310546875,1.67083740234375,6.75201416015625,-15.7928466796875
1.10626220703125,-31.76116943359375,-9.05609130859375,-25.64239501953125,22.92633056640625
16.56341552734375,-19.1650390625,-3.41033935546875,-37.7349853515625,26.1993408203125
-9.02557373046875,-8.8043212890625,-25.32958984375,-21.91162109375,-14.10675048828125
4.38690185546875,-30.09796142578125,13.5955810546875,5.80596923828125,15.716552734375
49.04937744140625,-23.468017578125,-5.65338134765625,0.6103515625,-12.4053955078125
12.7716064453125,-2.37274169921875,10.96343994140625,-8.91876220703125,19.4244384765625
-12.96234130859375,9.735107421875,-9.4451904296875,15.63262939453125,-3.25775146484375
-6.40869140625,3.42559814453125,-15.99884033203125,-33.7066650390625,13.55743408203125
1.47247314453125,-20.7672119140625,11.90185546875,4.31060791015625,-18.24951171875
15.72418212890625,-31.74591064453125,-7.476806640625,-20.8892822265625,8.21685791015625
-15.9454345703125,5.72967529296875,-9.17816162109375,6.26373291015625,16.3116455078125
-23.09417724609375,-10.31494140625,7.75146484375,-6.561279296875,8.43048095703125
6.591796875,-0.48828125,-17.3492431640625,2.1514892578125,-14.90020751953125
-2.17437744140625,10.67352294921875,-9.34600830078125,26.92413330078125,-5.05828857421875
33.01239013671875,-4.1351318359375,-3.60870361328125,30.87615966796875,-0.5035400390625
15.2130126953125,14.47296142578125,-12.0849609375,-2.4566650390625,9.70458984375
4.40216064453125,10.06317138671875,-0.81634521484375,10.9405517578125,-23.75030517578125
0.89263916015625,3.62396240234375,5.2642822265625,1.93023681640625,-10.13946533203125
7.5531005859375,-0.823974609375,-2.86102294921875,1.068115234375,-6.8206787109375
-15.5029296875,-6.21795654296875,17.29583740234375,11.7950439453125,-28.92303466796875
-18.47076416015625,-4.4403076171875,3.11279296875,5.83648681640625,-1.64031982421875
1.007080078125,42.54150390625,-8.30841064453125,-28.72467041015625,-3.10516357421875
-3.2806396484375,24.8565673828125,-10.96343994140625,-6.7291259765625,15.167236328125
-4.425048828125,-28.4423828125,-7.05718994140625,3.5247802734375,2.72369384765625
16.33453369140625,3.77655029296875,39.02435302734375,-9.16290283203125,-22.613525390625
-6.85882568359375,11.8560791015625,-3.5247802734375,17.3492431640625,1.861572265625
-15.80047607421875,-24.23095703125,20.08056640625,0.92315673828125,14.67132568359375
-12.74871826171875,13.74053955078125,-5.97381591796875,25.97808837890625,1.4801025390625
9.735107421875,6.5765380859375,-12.5885009765625,-24.6429443359375,18.98956298828125
9.54437255859375,37.8875732421875,-30.50994873046875,4.0435791015625,-2.03704833984375
-17.18902587890625,-19.38629150390625,7.97271728515625,-7.7362060546875,-12.70294189453125
-18.01300048828125,-25.2838134765625,3.0364990234375,-3.936767578125,-37.54425048828125
4.00543212890625,0.38909912109375,29.02984619140625,-2.54058837890625,11.87896728515625
-14.2059326171875,9.063720703125,10.7421875,15.23590087890625,-4.8675537109375
-16.1590576171875,-26.51214599609375,12.6190185546875,-8.65936279296875,-39.520263671875
-7.16400146484375,8.68988037109375,135.21575927734375,19.11163330078125,-9.46807861328125
24.749755859375,-0.95367431640625,13.427734375,5.0811767578125,9.3841552734375
-18.16558837890625,30.548095703125,1.5106201171875,-13.29803466796875,-3.36456298828125
1.708984375,3.19671630859375,13.214111328125,24.10888671875,-13.5650634765625
18.2342529296875,-9.42230224609375,-36.4227294921875,0.9613037109375,-24.48272705078125
46.05865478515625,18.22662353515625,2.47955322265625,-0.7476806640625,-16.510009765625
9.49859619140625,-0.77056884765625,-15.655517578125,38.0859375,12.6953125
-3.77655029296875,-2.25830078125,14.251708984375,11.383056640625,0.77056884765625
13.18359375,-16.63970947265625,20.33233642578125,4.64630126953125,0.1373291015625
-4.974365234375,-7.293701171875,1.62506103515625,-13.824462890625,2.2735595703125
19.24896240234375,-2.02178955078125,7.965087890625,3.24249267578125,1.06048583984375
-23.65875244140625,6.103515625,-15.19775390625,23.85711669921875,4.150390625
-24.3377685546875,8.3160400390625,13.57269287109375,-13.9312744140625,7.53021240234375
30.33447265625,22.76611328125,19.6380615234375,17.7001953125,39.398193359375
-7.33184814453125,6.01959228515625,-31.55517578125,29.754638671875,15.1214599609375
0.11444091796875,-34.78240966796875,-40.82489013671875,-3.53240966796875,2.89154052734375
11.49749755859375,-14.56451416015625,-11.16180419921875,-16.5557861328125,7.49969482421875
60.546875,25.0091552734375,1.434326171875,-7.19451904296875,2.11334228515625
-11.28387451171875,22.51434326171875,-27.83966064453125,-20.0653076171875,50.23193359375
19.66094970703125,0.9765625,57.0526123046875,1.64794921875,15.869140625
-28.98406982421875,28.4576416015625,13.71002197265625,-14.007568359375,22.613525390625
-3.57818603515625,4.791259765625,-39.2608642578125,10.74981689453125,9.04083251953125
8.35418701171875,15.95306396484375,-6.378173828125,-32.66143798828125,14.8468017578125
13.95416259765625,12.30621337890625,-7.904052734375,2.86865234375,3.15093994140625
-27.21405029296875,-33.18023681640625,-21.9879150390625,-14.1143798828125,-9.3536376953125
-11.4593505859375,8.2244873046875,-7.65228271484375,25.81787109375,-9.521484375
-4.44793701171875,-12.14599609375,-11.58905029296875,-13.702392578125,-2.9449462890625
-17.03643798828125,7.4615478515625,-24.566650390625,-0.1068115234375,6.96563720703125
-8.697509765625,-21.5301513671875,8.11767578125,-18.71490478515625,-4.82177734375
23.773193359375,8.96453857421875,5.02777099609375,11.83319091796875,-20.0347900390625
4.6539306640625,16.07513427734375,17.7459716796875,1.434326171875,1.76239013671875
10.7574462890625,-2.70843505859375,40.06195068359375,-6.744384765625,8.53729248046875
-25.81787109375,7.9498291015625,-1.068115234375,-11.07025146484375,-5.5389404296875
-13.1683349609375,15.56396484375,4.180908203125,4.791259765625,-24.86419677734375
-19.27947998046875,15.49530029296875,-4.913330078125,41.6717529296875,7.25555419921875
-15.594482421875,30.670166015625,-6.70623779296875,-4.03594970703125,-2.899169921875
5.37872314453125,17.17376708984375,1.22833251953125,1.89208984375,6.15692138671875
3.92913818359375,2.593994140625,19.317626953125,-16.22772216796875,5.10406494140625
27.44293212890625,-2.838134765625,-14.190673828125,9.5367431640625,-4.90570068359375
18.92852783203125,23.71978759765625,-0.98419189453125,-12.87841796875,13.519287109375
-36.07177734375,-0.98419189453125,5.5084228515625,13.48114013671875,-18.16558837890625
-8.30078125,16.6473388671875,-46.905517578125,10.223388671875,3.9215087890625
-2.66265869140625,-6.30950927734375,-31.1431884765625,-1.15203857421875,13.13018798828125
-0.20599365234375,-17.8070068359375,-6.1798095703125,42.03033447265625,-2.6397705078125
-21.78192138671875,-9.46044921875,3.91387939453125,-3.4942626953125,-13.214111328125
15.7470703125,85.479736328125,-7.354736328125,-32.26470947265625,-26.214599609375
-2.90679931640625,6.99615478515625,-11.0626220703125,13.34381103515625,7.37762451171875
-23.6358642578125,-45.34912109375,19.8822021484375,2.96783447265625,-20.263671875
1.495361328125,14.2059326171875,17.0135498046875,2.78472900390625,-14.7247314453125
-3.05938720703125,-7.22503662109375,-3.60107421875,-5.523681640625,17.08221435546875
3.68499755859375,-15.869140625,2.50244140625,1.38092041015625,-14.19830322265625
13.28277587890625,-7.37762451171875,5.43975830078125,18.9056396484375,-27.2064208984375
-6.34002685546875,-0.96893310546875,-9.2010498046875,10.7879638671875,-13.13018798828125
3.63922119140625,-19.15740966796875,-3.74603271484375,1.50299072265625,-15.23590087890625
-6.89697265625,2.777099609375,-7.92694091796875,0.35858154296875,-11.40594482421875
-1.22833251953125,13.92364501953125,-17.7001953125,5.72967529296875,4.14276123046875
-3.6468505859375,-0.72479248046875,-14.892578125,0.55694580078125,9.37652587890625
2.60162353515625,-10.18524169921875,-3.31878662109375,-0.6561279296875,5.97381591796875
4.11224365234375,-2.7008056640625,-15.98358154296875,1.83868408203125,5.33294677734375
-80.56640625,90.56854248046875,-27.6336669921875,-37.83416748046875,82.66448974609375
-49.59869384765625,-67.047119140625,83.282470703125,-37.5213623046875,-6.21795654296875
80.413818359375,-24.62005615234375,-4.11224365234375,18.57757568359375,-60.17303466796875
47.92022705078125,37.40692138671875,-74.39422607421875,50.27008056640625,-26.1993408203125
-66.01715087890625,83.19091796875,-3.95965576171875,-74.0966796875,59.42535400390625
49.8199462890625,-82.3211669921875,68.7103271484375,-33.25653076171875,-70.21331787109375
42.68646240234375,3.8299560546875,-65.71197509765625,49.61395263671875,58.2733154296875
-77.35443115234375,34.46197509765625,81.7413330078125,-78.80401611328125,83.85467529296875
3.875732421875,-90.70587158203125,88.2110595703125,-53.39813232421875,-51.93328857421875
98.9837646484375,-98.1597900390625,27.6947021484375,76.56097412109375,-61.54632568359375
5.19561767578125,-4.8370361328125,0.22125244140625,11.77215576171875,-1.2664794921875
3.85284423828125,7.14111328125,-2.61688232421875,5.0506591796875,-11.6119384765625
0.99945068359375,-3.204345703125,-2.81524658203125,6.7596435546875,0.28228759765625
-4.06646728515625,0.9002685546875,-1.42669677734375,-0.946044921875,-0.518798828125
0.43487548828125,-2.34222412109375,-12.969970703125,4.9896240234375,-8.21685791015625
-7.25555419921875,-0.70953369140625,-10.15472412109375,-6.91986083984375,-2.105712890625
2.35748291015625,12.36724853515625,-4.0740966796875,4.5318603515625,-4.8675537109375
0.66375732421875,-3.5552978515625,-6.58416748046875,3.25775146484375,-2.4261474609375
0.9918212890625,0.06103515625,2.5787353515625,0.6103515625,-3.6468505859375
-1.220703125,-2.0599365234375,-9.918212890625,1.53350830078125,-3.19671630859375
52.14691162109375,22.59063720703125,54.6875,-68.58062744140625,-25.68817138671875
66.81060791015625,-90.240478515625,3.79180908203125,44.9676513671875,-75.72174072265625
79.52117919921875,-55.2520751953125,1.5106201171875,96.7864990234375,-106.33087158203125
-18.48602294921875,-17.89093017578125,-89.1265869140625,87.82958984375,-51.52130126953125
-38.01727294921875,82.74078369140625,-58.41827392578125,-36.36932373046875,78.704833984375
-89.019775390625,-29.42657470703125,96.82464599609375,-59.50164794921875,-48.8433837890625
61.09619140625,-67.02423095703125,-36.94915771484375,54.22210693359375,-46.82159423828125
26.72576904296875,85.70098876953125,-108.2305908203125,66.1468505859375,78.10211181640625
-90.76690673828125,45.3338623046875,81.01654052734375,-98.91510009765625,-55.84716796875
78.9642333984375,-9.02557373046875,-118.0267333984375,94.6807861328125,-37.05596923828125
40.4052734375,1.0986328125,17.852783203125,-12.48931884765625,-6.52313232421875
6.38580322265625,-0.091552734375,6.3018798828125,0.9765625,2.54058837890625
5.523681640625,0.3814697265625,-0.51116943359375,1.21307373046875,-1.739501953125
-0.4730224609375,-8.97979736328125,2.197265625,-0.41961669921875,2.349853515625
-8.30078125,1.03759765625,9.10186767578125,-2.4566650390625,-11.49749755859375
4.32586669921875,23.6053466796875,-22.1710205078125,7.904052734375,5.5694580078125
1.10626220703125,10.19287109375,-18.0206298828125,7.28607177734375,-8.270263671875
-14.4195556640625,-4.94384765625,-4.52423095703125,-6.76727294921875,-38.7725830078125
7.049560546875,5.54656982421875,-14.64080810546875,17.5018310546875,13.519287109375
3.9825439453125,6.0882568359375,-9.59014892578125,9.46807861328125,-10.16998291015625
-15.14434814453125,96.01593017578125,-11.9781494140625,-76.9805908203125,102.30255126953125
-118.3929443359375,29.4647216796875,89.0960693359375,-89.2791748046875,56.81610107421875
-79.68902587890625,48.9654541015625,-6.7596435546875,-60.79864501953125,29.09088134765625
23.712158203125,-79.20074462890625,10.35308837890625,130.0048828125,50.42266845703125
-136.28387451171875,-51.58233642578125,119.69757080078125,57.85369873046875,-55.3436279296875
-94.20013427734375,89.68353271484375,100.555419921875,-57.7545166015625,-66.47491455078125
51.483154296875,-17.98248291015625,-82.78656005859375,96.8475341796875,48.27117919921875
-91.77398681640625,-14.68658447265625,29.78515625,-101.95159912109375,121.2005615234375
54.962158203125,-109.7564697265625,-5.72967529296875,128.7841796875,-84.66339111328125
-115.22674560546875,103.05023193359375,-20.94268798828125,-148.834228515625,129.3792724609375
1.4801025390625,-9.8876953125,-2.1514892578125,-5.30242919921875,27.0233154296875
-11.05499267578125,14.91546630859375,4.08935546875,4.39453125,-3.90625
5.14984130859375,2.166748046875,-10.27679443359375,2.55584716796875,-8.94927978515625
14.5721435546875,-3.41796875,-1.60980224609375,5.27191162109375,-3.89862060546875
-2.044677734375,-4.37164306640625,11.87896728515625,-4.79888916015625,-18.31817626953125
6.44683837890625,2.55584716796875,-1.83868408203125,4.11224365234375,1.24359130859375
0.1373291015625,-4.7454833984375,-3.86810302734375,3.47137451171875,-5.4931640625
-8.47625732421875,3.04412841796875,-1.99127197265625,-6.134033203125,6.3323974609375
-2.777099609375,-2.38800048828125,0.98419189453125,-6.89697265625,7.46917724609375
-2.532958984375,3.082275390625,-1.60980224609375,0.9918212890625,-1.1444091796875
1.93023681640625,-37.8570556640625,45.6390380859375,-30.4412841796875,-35.25543212890625
59.13543701171875,-18.890380859375,-35.57586669921875,60.08148193359375,5.3863525390625
-81.58111572265625,15.48004150390625,66.55120849609375,-82.794189453125,-66.39862060546875
82.5347900390625,6.7138671875,-69.37408447265625,53.32183837890625,39.36767578125
-87.59307861328125,45.8526611328125,22.30072021484375,-102.45513916015625,46.33331298828125
58.17413330078125,-74.27978515625,55.3741455078125,-5.645751953125,-42.91534423828125
62.47711181640625,-29.60205078125,-56.610107421875,70.01495361328125,3.65447998046875
-83.2366943359375,52.51312255859375,-24.9786376953125,-83.79364013671875,61.6302490234375
56.09130859375,-62.91961669921875,-12.47406005859375,71.0601806640625,-32.470703125
-42.8466796875,69.05364990234375,-9.80377197265625,-46.81396484375,64.52178955078125
-3.08990478515625,-8.6212158203125,-1.64031982421875,0.58746337890625,-5.92041015625
7.11822509765625,-11.36016845703125,6.64520263671875,-18.28765869140625,-2.01416015625
-0.946044921875,-4.3182373046875,15.92254638671875,-14.4195556640625,5.6915283203125
-17.5628662109375,6.88934326171875,3.04412841796875,-19.3328857421875,-18.05877685546875
-12.59613037109375,14.190673828125,26.6876220703125,25.08544921875,27.87017822265625
31.494140625,4.24957275390625,-5.08880615234375,-17.8985595703125,-17.3797607421875
-1.77764892578125,-11.14654541015625,14.28985595703125,7.28607177734375,-17.61627197265625
3.2806396484375,-0.9307861328125,-17.4560546875,0.9613037109375,-11.505126953125
2.63214111328125,1.800537109375,2.838134765625,-1.2359619140625,10.49041748046875
-0.41961669921875,3.0975341796875,-8.78143310546875,-8.18634033203125,-5.80596923828125
-48.736572265625,31.53228759765625,-26.32904052734375,-23.3154296875,38.787841796875
-13.54217529296875,-58.9752197265625,12.73345947265625,-1.86920166015625,-62.84332275390625
40.374755859375,60.5926513671875,-73.76861572265625,37.994384765625,48.63739013671875
-55.145263671875,-36.76605224609375,65.032958984375,-15.6707763671875,-31.219482421875
52.52838134765625,19.683837890625,-47.58453369140625,16.41845703125,18.8446044921875
-59.417724609375,-15.73944091796875,54.69512939453125,-66.74957275390625,9.92584228515625
43.304443359375,-42.205810546875,-53.6346435546875,69.60296630859375,-58.26568603515625
7.9498291015625,71.78497314453125,-22.52960205078125,-78.6285400390625,33.2794189453125
19.805908203125,-49.12567138671875,-6.43157958984375,59.478759765625,-13.28277587890625
-62.24822998046875,65.33050537109375,-28.3355712890625,-25.0244140625,56.09130859375
-4.53948974609375,-3.01361083984375,-5.5999755859375,-6.317138671875,7.4462890625
5.43212890625,-0.61798095703125,-5.1116943359375,0.1678466796875,-3.51715087890625
-0.67138671875,-6.77490234375,-4.5013427734375,-4.2266845703125,-4.1961669921875
1.6632080078125,1.13677978515625,-3.143310546875,-0.31280517578125,0.30517578125
0.732421875,-4.425048828125,-2.25067138671875,-3.70025634765625,7.965087890625
-2.12860107421875,5.48553466796875,-9.033203125,8.880615234375,-4.55474853515625
8.62884521484375,-7.781982421875,10.4217529296875,-6.866455078125,-4.57000732421875
3.50189208984375,-2.01416015625,-7.537841796875,-0.99945068359375,0.89263916015625
7.7362060546875,17.822265625,-1.708984375,3.84521484375,-15.70892333984375
-2.0294189453125,5.37872314453125,4.5318603515625,3.92913818359375,-22.88818359375
31.5704345703125,-37.39166259765625,59.3719482421875,-77.81219482421875,-36.529541015625
83.8165283203125,-76.9195556640625,16.82281494140625,35.7666015625,-67.07763671875
63.02642822265625,-45.67718505859375,19.6533203125,44.49462890625,-58.25042724609375
72.04437255859375,69.02313232421875,-77.7130126953125,57.5103759765625,-69.40460205078125
53.26080322265625,-44.0826416015625,-23.93341064453125,61.80572509765625,-86.639404296875
88.41705322265625,6.195068359375,-35.675048828125,62.3779296875,-65.521240234375
50.62103271484375,25.5584716796875,-76.46942138671875,99.91455078125,-104.95758056640625
7.89642333984375,-37.75787353515625,10.82611083984375,67.3828125,-41.90826416015625
2.7313232421875,84.16748046875,-112.80059814453125,60.96649169921875,33.4320068359375
-105.499267578125,10.15472412109375,22.05657958984375,-66.619873046875,100.12054443359375
3.326416015625,5.035400390625,13.17596435546875,0.335693359375,-13.72528076171875
-2.83050537109375,8.48388671875,-5.30242919921875,2.01416015625,1.7242431640625
-4.28009033203125,-14.15252685546875,-1.708984375,-6.55364990234375,-0.274658203125
15.44189453125,-3.1585693359375,8.29315185546875,16.63970947265625,7.89642333984375
10.2691650390625,2.13623046875,-4.302978515625,-1.38092041015625,3.875732421875
-29.07562255859375,-2.105712890625,-0.8087158203125,0.23651123046875,-0.41961669921875
-9.75799560546875,1.495361328125,0.030517578125,-2.86865234375,-8.6669921875
-8.41522216796875,-4.21142578125,-3.08990478515625,1.70135498046875,-2.166748046875
-6.7291259765625,2.00653076171875,10.1776123046875,3.68499755859375,-4.57763671875
4.49371337890625,-6.90460205078125,-1.86920166015625,3.68499755859375,0.0762939453125
58.258056640625,58.8531494140625,24.169921875,-40.1611328125,-48.1109619140625
65.5517578125,-57.31964111328125,-50.7659912109375,94.56634521484375,-46.0968017578125
-151.1993408203125,22.796630859375,69.4732666015625,-42.510986328125,-56.54144287109375
61.3555908203125,73.70758056640625,-78.19366455078125,-61.981201171875,107.635498046875
-30.86090087890625,-90.545654296875,40.10772705078125,8.941650390625,-30.731201171875
26.3824462890625,-45.03631591796875,19.134521484375,-14.2974853515625,39.63470458984375
-46.9512939453125,68.1915283203125,-43.88427734375,62.61444091796875,-76.934814453125
27.28271484375,-64.7125244140625,-21.7132568359375,84.28192138671875,-37.2772216796875
-40.82489013671875,-24.444580078125,-2.0751953125,-54.08477783203125,44.4488525390625
-53.61175537109375,64.39971923828125,-44.89898681640625,47.72186279296875,6.95037841796875
1.82342529296875,-0.96893310546875,-1.59454345703125,0.9918212890625,-3.13568115234375
-2.4261474609375,1.678466796875,-13.5955810546875,-4.8675537109375,-13.397216796875
5.157470703125,-0.99945068359375,-18.50128173828125,7.34710693359375,2.84576416015625
7.0648193359375,1.25885009765625,2.6702880859375,4.49371337890625,-6.08062744140625
-10.8489990234375,-10.74981689453125,-2.00653076171875,-0.3814697265625,11.65008544921875
-0.69427490234375,-0.72479248046875,2.2125244140625,2.14385986328125,-7.781982421875
-10.55908203125,-4.85992431640625,-6.69097900390625,-7.43865966796875,-6.072998046875
-2.2735595703125,-12.21466064453125,11.1236572265625,-2.28118896484375,-1.60980224609375
2.67791748046875,-1.251220703125,1.4801025390625,-5.3253173828125,-3.63922119140625
3.7994384765625,7.97271728515625,-18.30291748046875,-0.90789794921875,10.33782958984375
-41.32080078125,0.25177001953125,-2.8839111328125,-1.617431640625,-2.0751953125
-3.60107421875,-2.58636474609375,-2.25067138671875,6.69097900390625,-93.77288818359375
46.40960693359375,-26.641845703125,-40.18402099609375,56.0455322265625,-18.9056396484375
-44.50225830078125,40.68756103515625,28.11431884765625,-41.656494140625,49.32403564453125
70.49560546875,-94.21539306640625,36.82708740234375,-8.0718994140625,-88.32550048828125
51.0711669921875,-35.21728515625,-75.408935546875,90.8355712890625,-20.5230712890625
-52.49786376953125,87.95928955078125,15.625,-76.04217529296875,65.92559814453125
40.8172607421875,-15.80810546875,50.71258544921875,-75.15716552734375,56.4727783203125
46.5850830078125,-67.718505859375,70.8465576171875,13.58795166015625,-83.25958251953125
47.943115234375,-6.622314453125,-71.76971435546875,67.1234130859375,39.28375244140625
2.64739990234375,18.89801025390625,1.73187255859375,5.9356689453125,-4.364013671875
5.11932373046875,8.4381103515625,4.5928955078125,-20.51544189453125,1.6937255859375
3.1890869140625,0.9613037109375,-9.94110107421875,-0.72479248046875,8.392333984375
-4.32586669921875,-16.3116455078125,3.19671630859375,4.21905517578125,-4.20379638671875
-14.434814453125,0.34332275390625,-3.0364990234375,6.00433349609375,-4.40216064453125
-5.88226318359375,3.082275390625,-3.387451171875,-13.08441162109375,-4.241943359375
-16.0369873046875,7.049560546875,4.8675537109375,6.4544677734375,-1.495361328125
-2.78472900390625,-2.7618408203125,10.25390625,-8.97216796875,12.969970703125
-5.2490234375,-4.79888916015625,12.01629638671875,-13.51165771484375,-5.56182861328125
-3.8909912109375,11.40594482421875,-6.01959228515625,18.54705810546875,-11.16943359375
-73.79913330078125,-1.007080078125,-71.87652587890625,71.4569091796875,2.99072265625
-39.52789306640625,59.82208251953125,-51.116943359375,49.91912841796875,26.51214599609375
-73.69232177734375,71.533203125,-30.83038330078125,-81.329345703125,88.8214111328125
-57.16705322265625,22.65167236328125,57.342529296875,-64.15557861328125,63.41552734375
-54.8553466796875,65.5670166015625,-15.960693359375,-77.7130126953125,71.89178466796875
-74.33319091796875,-9.25445556640625,-1.7547607421875,-65.0787353515625,73.46343994140625
13.97705078125,-72.0062255859375,28.3355712890625,-16.7999267578125,117.1722412109375
-44.44122314453125,-98.42681884765625,93.63555908203125,-95.60394287109375,-52.36053466796875
-0.54931640625,107.5439453125,-40.771484375,77.8350830078125,-83.70208740234375
-27.27508544921875,-25.24566650390625,66.58172607421875,-48.64501953125,37.86468505859375
-0.20599365234375,5.11932373046875,-0.49591064453125,13.3209228515625,-4.52423095703125
2.55584716796875,-10.53619384765625,5.16510009765625,-1.70135498046875,-0.885009765625
0.7171630859375,-0.29754638671875,-3.99017333984375,-0.30517578125,2.9449462890625
-6.6375732421875,2.03704833984375,-7.568359375,0.37384033203125,2.593994140625
2.62451171875,-11.92474365234375,-5.50079345703125,-7.08770751953125,0.81634521484375
0.640869140625,-15.19012451171875,8.78143310546875,7.25555419921875,9.81903076171875
-0.81634521484375,-8.0413818359375,-2.64739990234375,-4.547119140625,4.99725341796875
5.13458251953125,2.15911865234375,6.5460205078125,0.6256103515625,4.17327880859375
1.89971923828125,2.75421142578125,9.48333740234375,-14.404296875,3.8604736328125
-1.09100341796875,-1.3580322265625,5.80596923828125,-1.03759765625,3.53240966796875
-37.07122802734375,-84.2742919921875,61.309814453125,20.5230712890625,-53.77197265625
92.67425537109375,-3.88336181640625,-31.9976806640625,41.839599609375,43.37310791015625
40.55023193359375,-77.26287841796875,60.1654052734375,-22.77374267578125,-93.91021728515625
112.8692626953125,-34.38568115234375,-97.7630615234375,112.14447021484375,-106.87255859375
61.86676025390625,-64.2852783203125,-64.33868408203125,109.10797119140625,-71.25091552734375
-11.016845703125,-32.14263916015625,45.22705078125,-71.2432861328125,80.7952880859375
-46.93603515625,22.85003662109375,77.3468017578125,-92.41485595703125,-0.274658203125
57.76214599609375,-96.12274169921875,87.677001953125,22.0489501953125,-40.50445556640625
97.19085693359375,-87.82196044921875,49.6826171875,-89.31732177734375,99.5635986328125
23.64349365234375,-102.50091552734375,67.93212890625,-87.0208740234375,139.04571533203125
