1.6021728515625,28.99169921875,107.97119140625,28.0914306640625,47.58453369140625
-41.3665771484375,118.85833740234375,1.40380859375,-79.65087890625,-7.65228271484375
-10.41412353515625,-3.89862060546875,-11.9476318359375,-13.69476318359375,40.12298583984375
37.8875732421875,-7.74383544921875,16.16668701171875,21.85821533203125,-93.6126708984375
2.47955322265625,33.24127197265625,-9.5672607421875,68.27545166015625,28.472900390625
110.137939453125,-88.348388671875,23.7274169921875,-69.17572021484375,59.26513671875
35.3546142578125,8.43048095703125,1.3427734375,-1.5869140625,113.27362060546875
-11.58905029296875,-10.03265380859375,3.13568115234375,-36.04888916015625,-25.08544921875
-20.08056640625,-11.75689697265625,104.02679443359375,30.8990478515625,-45.2423095703125
10.955810546875,-21.1639404296875,30.15899658203125,-15.19775390625,0.93841552734375
1.434326171875,22.2930908203125,-0.5950927734375,31.85272216796875,30.54046630859375
-25.01678466796875,25.21514892578125,-6.28662109375,51.7425537109375,-18.1427001953125
13.69476318359375,26.95465087890625,-11.871337890625,0.91552734375,18.951416015625
-27.21405029296875,-69.38934326171875,-28.92303466796875,-7.88116455078125,16.510009765625
54.74090576171875,-2.70843505859375,-36.61346435546875,-76.72119140625,-51.17034912109375
-22.08709716796875,36.163330078125,16.0675048828125,23.38409423828125,83.251953125
-8.4686279296875,-14.8162841796875,68.2373046875,-19.95086669921875,25.82550048828125
-15.43426513671875,-2.8839111328125,-48.75946044921875,-58.44879150390625,-79.742431640625
2.95257568359375,-15.777587890625,-7.89642333984375,20.17974853515625,41.1529541015625
7.33184814453125,16.4337158203125,-7.05718994140625,-36.6058349609375,9.40704345703125
26.153564453125,123.6419677734375,-154.1290283203125,165.22216796875,-144.317626953125
104.3243408203125,-121.75750732421875,4.08935546875,-69.03076171875,116.72210693359375
-6.00433349609375,29.35028076171875,33.660888671875,52.10113525390625,-75.62255859375
71.18988037109375,-43.975830078125,-66.58172607421875,-4.08935546875,39.73388671875
22.9949951171875,54.05426025390625,13.2293701171875,7.99560546875,20.0653076171875
-34.7900390625,22.95684814453125,-107.35321044921875,99.395751953125,-113.50250244140625
124.99237060546875,-94.58160400390625,84.99908447265625,-79.0252685546875,97.320556640625
-5.0201416015625,-3.12042236328125,-37.6434326171875,95.86334228515625,-79.29229736328125
87.21160888671875,15.31219482421875,43.96820068359375,9.37652587890625,24.00970458984375
122.01690673828125,-86.3189697265625,98.6480712890625,15.31982421875,33.65325927734375
-1.953125,15.63262939453125,-159.44671630859375,135.27679443359375,-141.7236328125
102.14996337890625,16.326904296875,101.5625,23.0865478515625,-110.22186279296875
-141.7388916015625,86.700439453125,-53.1158447265625,102.8900146484375,-83.9080810546875
-37.43743896484375,-73.8983154296875,-27.374267578125,-25.5279541015625,-85.51025390625
25.62713623046875,-122.7264404296875,87.39471435546875,-39.89410400390625,84.03778076171875
8.18634033203125,42.2821044921875,-58.87603759765625,16.13616943359375,9.72747802734375
-44.97528076171875,125.8087158203125,-93.81866455078125,127.01416015625,-68.5577392578125
114.72320556640625,-82.275390625,93.95599365234375,-97.7630615234375,106.6436767578125
-74.30267333984375,92.6361083984375,-60.73760986328125,102.74505615234375,-74.01275634765625
74.6307373046875,-43.212890625,62.7288818359375,-41.07666015625,-30.58624267578125
-0.42724609375,1.62506103515625,35.77423095703125,-51.87225341796875,132.171630859375
-118.499755859375,98.14453125,108.74176025390625,25.2227783203125,-21.4385986328125
74.7833251953125,11.7340087890625,-54.0313720703125,58.7921142578125,-28.4881591796875
-3.1890869140625,-74.11956787109375,86.55548095703125,-67.35992431640625,86.25030517578125
25.7415771484375,93.63555908203125,31.3568115234375,-16.92962646484375,44.5404052734375
-70.9075927734375,84.7015380859375,-23.93341064453125,1.28173828125,26.19171142578125
35.11810302734375,47.23358154296875,-36.80419921875,113.616943359375,-81.54296875
60.27984619140625,1.01470947265625,-54.61883544921875,59.63134765625,89.17999267578125
-70.54901123046875,-8.9263916015625,76.53045654296875,-97.57232666015625,57.73162841796875
-91.10260009765625,54.46624755859375,-109.527587890625,6.09588623046875,32.3028564453125
-39.8406982421875,2.74658203125,2.685546875,3.387451171875,0.0457763671875
1.85394287109375,3.08990478515625,26.06964111328125,24.0325927734375,-24.02496337890625
68.58062744140625,-27.34375,25.64239501953125,38.726806640625,-9.552001953125
17.2271728515625,61.16485595703125,-24.10888671875,41.3970947265625,-7.39288330078125
-40.0543212890625,49.78179931640625,-67.63458251953125,33.91265869140625,19.8211669921875
-34.2254638671875,3.2501220703125,-6.82830810546875,-59.12017822265625,-53.39813232421875
5.33294677734375,36.56005859375,-63.63677978515625,36.76605224609375,-20.782470703125
-71.28143310546875,7.85064697265625,20.27130126953125,46.53167724609375,37.40692138671875
-32.95135498046875,-17.11273193359375,1.24359130859375,9.7808837890625,14.74761962890625
10.32257080078125,-51.361083984375,25.74920654296875,5.55419921875,31.92901611328125
-1.03759765625,1.24359130859375,4.1046142578125,1.800537109375,1.12152099609375
2.2125244140625,-1.36566162109375,-2.5482177734375,18.24188232421875,33.39385986328125
-19.81353759765625,-71.380615234375,53.9398193359375,3.47137451171875,71.83837890625
21.43096923828125,65.0787353515625,-9.63592529296875,-20.599365234375,22.34649658203125
-46.73004150390625,57.18231201171875,40.79437255859375,-63.4002685546875,34.15679931640625
74.56207275390625,-63.42315673828125,5.77545166015625,43.304443359375,-52.947998046875
-20.14923095703125,33.2794189453125,-44.73114013671875,-32.79876708984375,43.20526123046875
3.37982177734375,44.79217529296875,16.50238037109375,-43.67828369140625,41.28265380859375
-0.42724609375,1.068115234375,-3.9215087890625,3.91387939453125,-25.67291259765625
11.98577880859375,18.9056396484375,28.4576416015625,48.69842529296875,108.07037353515625
-2.18963623046875,2.37274169921875,-0.42724609375,-1.5106201171875,-0.1983642578125
15.78521728515625,65.62042236328125,22.83477783203125,64.5751953125,13.12255859375
25.23040771484375,53.64227294921875,68.511962890625,59.13543701171875,42.50335693359375
2.37274169921875,-29.59442138671875,16.6778564453125,-23.101806640625,49.06463623046875
60.6842041015625,15.4571533203125,-10.5133056640625,-59.02862548828125,19.06585693359375
-54.37469482421875,-25.7415771484375,8.14056396484375,66.2078857421875,20.95794677734375
3.82232666015625,34.52301025390625,-10.2691650390625,1.77001953125,-64.38446044921875
5.462646484375,-38.909912109375,35.8123779296875,22.3541259765625,79.5440673828125
-0.69427490234375,-49.407958984375,-27.25982666015625,-72.5250244140625,-84.08355712890625
35.64453125,-76.53045654296875,-68.79425048828125,-46.60797119140625,9.0179443359375
1.556396484375,30.364990234375,14.0533447265625,10.13946533203125,-12.65716552734375
52.20794677734375,-5.27191162109375,62.6220703125,14.24407958984375,4.99725341796875
-17.57049560546875,44.91424560546875,31.77642822265625,54.6417236328125,6.3629150390625
-16.53289794921875,65.46783447265625,-19.52362060546875,-19.9127197265625,-46.8292236328125
-17.059326171875,-67.55828857421875,88.6688232421875,40.96221923828125,-6.65283203125
-29.45709228515625,59.967041015625,-40.35186767578125,-0.2288818359375,-1.27410888671875
53.7261962890625,56.95343017578125,33.7982177734375,42.44232177734375,-49.8199462890625
-1.953125,-37.139892578125,-9.2620849609375,23.81134033203125,17.6239013671875
-29.93011474609375,29.94537353515625,-28.78570556640625,27.34375,10.3912353515625
89.2486572265625,44.68536376953125,-13.97705078125,91.14837646484375,-25.61187744140625
-1.3427734375,-43.1976318359375,-33.6456298828125,-83.55712890625,109.21478271484375
-104.4158935546875,50.72021484375,-63.0340576171875,93.017578125,-101.6387939453125
124.08447265625,-84.98382568359375,77.3468017578125,-77.21710205078125,86.98272705078125
-24.14703369140625,-157.073974609375,100.921630859375,63.42315673828125,-89.35546875
103.64532470703125,12.908935546875,-106.048583984375,93.83392333984375,-103.8818359375
96.45843505859375,-110.77117919921875,73.05908203125,-1.93023681640625,56.54144287109375
88.56201171875,-72.93701171875,-76.84326171875,-97.991943359375,122.81036376953125
-138.78631591796875,163.8031005859375,-126.45721435546875,116.4093017578125,-114.5477294921875
119.95697021484375,-97.84698486328125,93.1243896484375,-79.803466796875,-27.8472900390625
100.5706787109375,45.95184326171875,-116.93572998046875,83.8165283203125,-78.5675048828125
-0.7171630859375,4.44793701171875,1.51824951171875,0.1068115234375,60.394287109375
-172.63031005859375,125.74005126953125,-154.45709228515625,136.16943359375,-123.14605712890625
152.7862548828125,-110.72540283203125,94.27642822265625,6.47735595703125,-108.19244384765625
118.40057373046875,-108.90960693359375,176.26190185546875,-117.50030517578125,177.07061767578125
-140.70892333984375,104.9957275390625,-9.46044921875,140.83099365234375,-9.22393798828125
112.9302978515625,-135.90240478515625,116.06597900390625,-125.87738037109375,156.0211181640625
-165.6494140625,119.11773681640625,-120.269775390625,164.276123046875,-154.25872802734375
95.28350830078125,-174.7894287109375,187.79754638671875,-184.3414306640625,141.31927490234375
-118.743896484375,124.053955078125,-161.07177734375,97.1221923828125,-102.96630859375
150.604248046875,-121.2005615234375,154.2816162109375,-111.358642578125,-69.90814208984375
-0.885009765625,-1.50299072265625,3.48663330078125,-8.087158203125,-13.5345458984375
111.114501953125,-129.2266845703125,130.3863525390625,-55.084228515625,-72.28851318359375
96.85516357421875,-49.6673583984375,-18.73016357421875,97.90802001953125,-100.45623779296875
-77.1942138671875,120.452880859375,-37.10174560546875,-100.82244873046875,138.1988525390625
-100.738525390625,-52.89459228515625,99.1058349609375,-86.57073974609375,37.811279296875
27.4658203125,49.3621826171875,-24.71923828125,60.4095458984375,80.078125
-77.33917236328125,56.610107421875,-26.519775390625,17.3187255859375,70.61004638671875
-90.057373046875,-4.3792724609375,72.27325439453125,-73.18115234375,39.2913818359375
87.982177734375,-81.1004638671875,21.026611328125,15.93017578125,-98.32763671875
22.08709716796875,112.61749267578125,-76.77459716796875,19.4091796875,130.9356689453125
-2.9144287109375,4.180908203125,4.2266845703125,-25.47454833984375,-94.01702880859375
110.04638671875,-138.36669921875,60.49346923828125,8.99505615234375,-97.808837890625
165.58074951171875,-31.2347412109375,148.590087890625,-68.359375,-43.548583984375
-76.11846923828125,64.39971923828125,-153.778076171875,-62.35504150390625,84.66339111328125
70.21331787109375,15.1519775390625,121.52862548828125,-78.1402587890625,84.48028564453125
-116.3482666015625,9.94110107421875,-66.35284423828125,-71.807861328125,100.921630859375
-109.88616943359375,44.15130615234375,18.18084716796875,-112.213134765625,98.15216064453125
-152.15301513671875,165.496826171875,-118.6065673828125,-28.1524658203125,-42.8009033203125
95.87860107421875,-48.9044189453125,78.7811279296875,-92.17071533203125,58.31146240234375
61.5997314453125,56.05316162109375,-75.7293701171875,7.843017578125,-89.60723876953125
-1.0528564453125,-25.26092529296875,86.63177490234375,-155.17425537109375,16.0369873046875
73.1048583984375,-134.3994140625,124.33624267578125,-147.15576171875,104.3548583984375
-15.1824951171875,-89.34783935546875,77.50701904296875,-123.199462890625,134.8419189453125
-68.84002685546875,-54.5196533203125,66.45965576171875,-22.8118896484375,114.08233642578125
-83.50372314453125,131.09588623046875,-46.83685302734375,60.09674072265625,87.95928955078125
-52.24609375,124.09210205078125,-122.56622314453125,97.2137451171875,-25.64239501953125
15.899658203125,74.57733154296875,-140.2740478515625,105.1483154296875,-67.840576171875
76.04217529296875,-105.5450439453125,4.608154296875,96.19140625,-78.460693359375
130.68389892578125,-102.4169921875,30.548095703125,77.29339599609375,-62.99591064453125
149.72686767578125,-104.9957275390625,69.2901611328125,72.8607177734375,-18.2647705078125
1.7852783203125,5.9051513671875,10.833740234375,107.757568359375,11.39068603515625
-159.4085693359375,102.4627685546875,-89.46990966796875,111.35101318359375,-143.280029296875
104.05731201171875,-1.88446044921875,39.71099853515625,91.65191650390625,-21.087646484375
115.74554443359375,-86.26556396484375,100.5706787109375,5.42449951171875,38.12408447265625
101.62353515625,-133.35418701171875,145.416259765625,-126.94549560546875,121.490478515625
4.5013427734375,-65.5670166015625,19.805908203125,-131.93511962890625,76.68304443359375
-113.0218505859375,52.97088623046875,-110.8856201171875,-21.209716796875,21.484375
-2.31170654296875,138.0767822265625,-98.27423095703125,134.3536376953125,-112.7777099609375
102.94342041015625,-117.36297607421875,-21.5911865234375,84.15985107421875,-114.07470703125
135.711669921875,-149.95574951171875,87.10479736328125,87.60833740234375,-18.18084716796875
3.6773681640625,47.3175048828125,-14.34326171875,120.49102783203125,-133.50677490234375
143.646240234375,-93.109130859375,121.4752197265625,-178.84063720703125,-21.76666259765625
-8.75091552734375,-132.0343017578125,86.2274169921875,-128.23486328125,98.480224609375
-106.353759765625,-35.40802001953125,-42.85430908203125,-106.88018798828125,67.17681884765625
-109.96246337890625,120.391845703125,-138.671875,69.183349609375,-119.873046875
-50.16326904296875,125.26702880859375,-108.10089111328125,161.59820556640625,38.4674072265625
-129.0435791015625,-3.71551513671875,-75.7293701171875,98.79302978515625,50.4608154296875
30.37261962890625,-67.13104248046875,46.04339599609375,-36.6668701171875,88.7298583984375
-71.868896484375,92.27752685546875,-106.45294189453125,116.47796630859375,-120.10955810546875
105.804443359375,4.7760009765625,-33.83636474609375,69.915771484375,-71.929931640625
-1.15966796875,2.66265869140625,2.13623046875,-3.44085693359375,72.66998291015625
19.35577392578125,52.61993408203125,40.47393798828125,-70.89996337890625,23.94866943359375
-7.5225830078125,-0.3509521484375,71.77734375,67.07763671875,-12.01629638671875
-61.27166748046875,17.63916015625,-12.39776611328125,-2.64739990234375,-34.5306396484375
-75.24871826171875,27.9693603515625,-63.0950927734375,7.3699951171875,-87.74566650390625
-35.89630126953125,37.322998046875,42.7703857421875,53.45916748046875,25.8941650390625
69.9005126953125,-22.88818359375,75.64544677734375,-53.38287353515625,-31.036376953125
27.97698974609375,-32.75299072265625,3.8909912109375,42.6177978515625,-1.64031982421875
36.44561767578125,-23.3001708984375,-10.6201171875,46.5240478515625,-10.3912353515625
-73.6083984375,-36.90338134765625,22.14813232421875,0.701904296875,2.92205810546875
-0.2288818359375,3.07464599609375,3.23486328125,1.9073486328125,49.61395263671875
52.0782470703125,-30.4107666015625,76.10321044921875,-7.0037841796875,20.34759521484375
67.77191162109375,-12.84027099609375,20.77484130859375,30.67779541015625,0.5035400390625
3.47900390625,52.43682861328125,33.8592529296875,8.36181640625,15.9454345703125
46.3104248046875,-12.115478515625,-51.2847900390625,10.61248779296875,-40.1458740234375
82.4432373046875,66.3909912109375,-13.916015625,-5.4473876953125,-2.86865234375
33.45489501953125,-16.77703857421875,-11.2152099609375,-69.000244140625,35.30120849609375
-54.931640625,-52.23846435546875,0.457763671875,-49.072265625,-106.3079833984375
-48.89678955078125,77.40020751953125,-78.4454345703125,-2.83050537109375,-54.5196533203125
20.27130126953125,8.1939697265625,27.9693603515625,-13.11492919921875,-48.10333251953125
-8.79669189453125,30.75408935546875,-33.66851806640625,96.19140625,73.73046875
25.3143310546875,27.83966064453125,8.75091552734375,-24.84893798828125,24.23095703125
-9.54437255859375,40.74859619140625,64.6820068359375,-41.61834716796875,-16.1895751953125
-22.66693115234375,-10.7879638671875,26.80206298828125,-1.6937255859375,-81.23779296875
-34.21783447265625,13.24462890625,62.255859375,-31.51702880859375,-36.102294921875
72.33428955078125,-38.42926025390625,-60.41717529296875,20.66802978515625,27.80914306640625
-17.88330078125,-8.50677490234375,57.27386474609375,32.71484375,-18.15032958984375
-5.3253173828125,53.91693115234375,-12.68768310546875,6.6375732421875,14.03045654296875
8.209228515625,-17.72308349609375,23.35357666015625,-48.309326171875,-19.4854736328125
16.68548583984375,3.73077392578125,88.72222900390625,-17.3797607421875,17.81463623046875
1.9378662109375,-1.9683837890625,-1.60980224609375,-25.1007080078125,-44.6319580078125
-1.4495849609375,62.286376953125,-4.28009033203125,46.91314697265625,27.70233154296875
31.8756103515625,62.11090087890625,-13.58795166015625,67.6116943359375,-103.7750244140625
75.347900390625,-88.06610107421875,68.3746337890625,-90.8966064453125,38.2232666015625
56.243896484375,2.838134765625,59.9365234375,-55.30548095703125,90.057373046875
-104.74395751953125,101.531982421875,-54.55780029296875,93.78814697265625,-0.83160400390625
-70.15228271484375,27.09197998046875,-90.6219482421875,67.6116943359375,-67.474365234375
104.79736328125,-60.95123291015625,86.44866943359375,-35.74371337890625,60.089111328125
39.0777587890625,-100.50201416015625,74.24163818359375,-115.08941650390625,81.146240234375
-126.10626220703125,25.238037109375,-75.66070556640625,-20.599365234375,-39.154052734375
-38.7115478515625,-5.5694580078125,-13.84735107421875,-4.79888916015625,-33.60748291015625
5.615234375,47.95074462890625,53.32183837890625,20.9197998046875,10.3607177734375
10.81085205078125,-14.34326171875,-21.026611328125,-45.81451416015625,15.2740478515625
3.5552978515625,24.48272705078125,5.5084228515625,-5.27191162109375,-25.94757080078125
2.83050537109375,-12.420654296875,-0.84686279296875,15.4571533203125,26.79443359375
-14.617919921875,15.045166015625,-17.75360107421875,8.85772705078125,5.2947998046875
-15.9149169921875,-7.080078125,7.56072998046875,44.76165771484375,-29.388427734375
-16.937255859375,13.9007568359375,-17.39501953125,-34.4696044921875,-0.92315673828125
-7.2784423828125,-16.54052734375,9.66644287109375,5.828857421875,7.171630859375
-56.20574951171875,-37.109375,0.9307861328125,79.5745849609375,19.8974609375
1.7852783203125,5.54656982421875,9.70458984375,50.0946044921875,20.0958251953125
10.589599609375,-6.8359375,7.42340087890625,8.7738037109375,-33.01239013671875
12.48931884765625,0.69427490234375,-13.20648193359375,8.6669921875,-5.9967041015625
43.11370849609375,16.204833984375,-19.2718505859375,-22.3846435546875,13.7786865234375
-11.1083984375,-50.445556640625,1.1138916015625,18.76068115234375,44.96002197265625
-10.3607177734375,-28.7322998046875,-14.862060546875,5.2947998046875,-32.92083740234375
-39.6575927734375,40.21453857421875,73.11248779296875,21.70562744140625,-13.00811767578125
-8.4381103515625,12.70294189453125,-44.88372802734375,-90.2862548828125,-5.4931640625
32.23419189453125,32.0892333984375,11.20758056640625,10.3912353515625,24.51324462890625
0.457763671875,-4.9896240234375,-13.4124755859375,-15.045166015625,108.184814453125
24.07073974609375,8.12530517578125,-2.0599365234375,-18.11981201171875,-9.34600830078125
-48.4771728515625,-63.079833984375,37.7349853515625,32.0281982421875,11.19232177734375
-3.71551513671875,-6.8511962890625,-9.49859619140625,-5.39398193359375,-26.55029296875
-43.5333251953125,36.72027587890625,79.29229736328125,-9.63592529296875,-15.533447265625
21.8353271484375,-11.6729736328125,-23.23150634765625,-39.4744873046875,2.06756591796875
23.55194091796875,15.81573486328125,-7.19451904296875,16.4031982421875,10.986328125
2.13623046875,-64.697265625,24.627685546875,38.0401611328125,32.58514404296875
12.0391845703125,-6.103515625,-8.68988037109375,0.335693359375,-59.7991943359375
-23.1475830078125,70.1446533203125,94.53582763671875,-4.75311279296875,15.17486572265625
6.43157958984375,2.70843505859375,-30.6549072265625,-82.000732421875,-15.3045654296875
-13.3056640625,81.55059814453125,32.5927734375,26.91650390625,-14.30511474609375
-14.90020751953125,-8.81195068359375,-23.12469482421875,-89.3402099609375,26.4739990234375
82.13043212890625,66.47491455078125,-20.0042724609375,4.90570068359375,0.70953369140625
-9.75799560546875,-65.8111572265625,-18.341064453125,25.115966796875,72.509765625
-13.427734375,42.07611083984375,-39.3218994140625,-17.974853515625,-79.9560546875
-44.27337646484375,8.7890625,58.90655517578125,36.75079345703125,16.6168212890625
6.34765625,-23.71978759765625,-41.290283203125,-75.9735107421875,-21.26312255859375
37.98675537109375,55.17578125,28.48052978515625,12.56561279296875,-0.95367431640625
16.0064697265625,-37.689208984375,-44.952392578125,9.2315673828125,27.64892578125
93.00994873046875,33.11920166015625,-12.76397705078125,-1.21307373046875,-27.40478515625
-27.801513671875,-105.35430908203125,21.4996337890625,28.9764404296875,17.08984375
33.85162353515625,-3.12042236328125,2.20489501953125,21.09527587890625,-33.8897705078125
-41.14532470703125,40.30609130859375,88.7298583984375,28.29742431640625,0.8392333984375
13.641357421875,-24.55902099609375,-35.57586669921875,-20.0347900390625,-17.44842529296875
24.78790283203125,79.53643798828125,23.75030517578125,3.56292724609375,21.43096923828125
-20.9503173828125,-24.20806884765625,-18.096923828125,24.871826171875,-32.3028564453125
17.3797607421875,-15.350341796875,37.52899169921875,-5.7373046875,-11.993408203125
-54.06951904296875,17.1661376953125,24.31488037109375,40.16876220703125,2.62451171875
8.46099853515625,42.3431396484375,-2.5634765625,-23.36883544921875,-28.08380126953125
26.52740478515625,76.6448974609375,0.17547607421875,21.7132568359375,6.52313232421875
23.21624755859375,-7.49969482421875,-35.46142578125,-15.167236328125,81.7108154296875
12.6495361328125,19.21844482421875,-5.92803955078125,3.18145751953125,15.58685302734375
-5.8441162109375,-17.1966552734375,-36.03363037109375,32.27996826171875,35.72845458984375
17.15087890625,9.4451904296875,27.41241455078125,-21.240234375,-12.77923583984375
-45.15838623046875,22.979736328125,26.8096923828125,9.002685546875,41.09954833984375
-2.66265869140625,9.02557373046875,-5.4473876953125,-28.80859375,26.2451171875
92.39959716796875,63.13323974609375,24.36065673828125,9.21630859375,-27.496337890625
-21.1029052734375,-36.5447998046875,22.125244140625,50.3692626953125,5.340576171875
50.69732666015625,6.195068359375,-17.49420166015625,-44.54803466796875,14.7857666015625
16.6015625,36.41510009765625,26.98516845703125,-15.58685302734375,-19.92034912109375
26.74102783203125,-41.259765625,-3.265380859375,17.6239013671875,89.84375
8.941650390625,24.63531494140625,19.287109375,24.81842041015625,-29.39605712890625
-20.0042724609375,8.9263916015625,-7.65228271484375,19.805908203125,17.9595947265625
6.89697265625,6.75201416015625,-12.44354248046875,-7.354736328125,-18.49365234375
23.6358642578125,26.3214111328125,20.95794677734375,22.1099853515625,13.77105712890625
-11.8408203125,8.47625732421875,-9.33837890625,11.10076904296875,-17.96722412109375
7.476806640625,9.765625,24.72686767578125,14.495849609375,17.333984375
-12.67242431640625,-10.6048583984375,-41.6717529296875,-39.17694091796875,6.6375732421875
87.98980712890625,-2.05230712890625,30.1361083984375,-15.37322998046875,12.2833251953125
-22.369384765625,-21.97265625,-30.06744384765625,50.079345703125,80.4290771484375
1.6632080078125,31.341552734375,6.5155029296875,8.64410400390625,-24.261474609375
-16.815185546875,-18.5089111328125,51.57470703125,77.72064208984375,44.6929931640625
50.96435546875,1.91497802734375,6.500244140625,14.129638671875,-17.791748046875
-40.53497314453125,13.60321044921875,24.3072509765625,24.1851806640625,26.00860595703125
3.79180908203125,0.67138671875,-24.261474609375,-36.85760498046875,-7.86590576171875
-57.24334716796875,50.42266845703125,59.62371826171875,12.4664306640625,-5.218505859375
-2.83050537109375,-10.07843017578125,3.57818603515625,-4.7149658203125,-58.60137939453125
32.92083740234375,24.1241455078125,38.79547119140625,15.73944091796875,25.71868896484375
6.9427490234375,-0.6103515625,-8.64410400390625,-18.1884765625,-36.75079345703125
12.87078857421875,108.74176025390625,39.031982421875,26.7181396484375,15.0146484375
-24.52850341796875,-13.72528076171875,8.575439453125,-31.44073486328125,-31.47125244140625
-33.9813232421875,27.9693603515625,33.57696533203125,30.5938720703125,5.06591796875
-4.55474853515625,18.5699462890625,-19.22607421875,-12.38250732421875,-18.79119873046875
-45.28045654296875,57.10601806640625,14.8468017578125,40.90118408203125,8.026123046875
6.85882568359375,-1.86920166015625,1.24359130859375,-15.54107666015625,14.4195556640625
-52.49786376953125,21.3470458984375,11.20758056640625,6.77490234375,21.40045166015625
10.3759765625,-15.26641845703125,24.57427978515625,-8.6212158203125,-20.91217041015625
-40.1458740234375,34.44671630859375,61.126708984375,16.76177978515625,42.5872802734375
19.2413330078125,-15.93780517578125,-12.38250732421875,-27.58026123046875,-27.30560302734375
-12.15362548828125,54.66461181640625,69.80133056640625,20.233154296875,30.67779541015625
-27.9541015625,9.21630859375,4.67681884765625,3.16619873046875,-8.41522216796875
-16.9219970703125,-15.31219482421875,86.38763427734375,19.56939697265625,16.6015625
19.7296142578125,-21.0418701171875,28.961181640625,14.33563232421875,-5.9967041015625
-44.43359375,15.76995849609375,44.3878173828125,5.462646484375,-11.11602783203125
14.0838623046875,14.65606689453125,20.08819580078125,-6.79779052734375,-19.5770263671875
-24.49798583984375,16.57867431640625,29.44183349609375,53.81011962890625,20.9808349609375
8.6669921875,-2.52532958984375,-8.544921875,0.70953369140625,-59.1278076171875
-28.05328369140625,10.3302001953125,11.9781494140625,37.40692138671875,33.37860107421875
-14.6484375,-17.70782470703125,-10.84136962890625,-16.1895751953125,-24.7039794921875
23.87237548828125,8.697509765625,-3.82232666015625,16.71600341796875,1.64031982421875
-9.185791015625,7.40814208984375,-117.218017578125,-99.8687744140625,0.0762939453125
-10.59722900390625,69.5953369140625,75.897216796875,12.76397705078125,-15.31982421875
-50.9490966796875,-47.821044921875,-12.481689453125,64.88037109375,95.98541259765625
-3.6773681640625,-73.3489990234375,-108.673095703125,-58.61663818359375,69.89288330078125
91.39251708984375,37.28485107421875,-31.0211181640625,-56.2286376953125,-87.158203125
-49.03411865234375,61.981201171875,108.78753662109375,52.72674560546875,11.138916015625
-126.0528564453125,-63.71307373046875,63.04931640625,123.4130859375,73.64654541015625
-7.37762451171875,-43.8995361328125,-137.359619140625,19.05059814453125,85.693359375
32.84454345703125,51.69677734375,29.83856201171875,-104.5989990234375,-108.8409423828125
-27.4658203125,19.15740966796875,72.0062255859375,58.41827392578125,42.999267578125
-46.80633544921875,-82.8094482421875,-65.521240234375,113.48724365234375,90.362548828125
70.2972412109375,-13.93890380859375,-100.28076171875,-126.800537109375,144.38629150390625
112.0147705078125,138.9617919921875,-34.17205810546875,-138.48876953125,-64.3157958984375
214.22576904296875,78.155517578125,75.86669921875,-45.55511474609375,-152.22930908203125
-21.4080810546875,83.51898193359375,159.43145751953125,37.0941162109375,-32.928466796875
-179.9774169921875,-111.12213134765625,62.41607666015625,129.6234130859375,108.58154296875
-21.3623046875,-69.4122314453125,-161.00311279296875,-49.6063232421875,147.0947265625
123.8861083984375,70.88470458984375,-35.186767578125,-162.811279296875,-89.2333984375
-80.322265625,-30.05218505859375,117.584228515625,92.4835205078125,77.1942138671875
-123.779296875,-135.41412353515625,-91.14837646484375,15.5487060546875,69.4732666015625
146.6064453125,118.94989013671875,-42.27447509765625,-126.50299072265625,-86.81488037109375
41.93115234375,114.4866943359375,108.184814453125,94.27642822265625,-59.50164794921875
-158.0657958984375,-84.86175537109375,-33.14208984375,118.20220947265625,136.627197265625
92.93365478515625,43.243408203125,-111.0992431640625,-170.41778564453125,-85.09063720703125
87.9669189453125,97.72491455078125,171.19598388671875,-33.01239013671875,-163.909912109375
-85.6781005859375,-34.8358154296875,136.25335693359375,127.3956298828125,-39.12353515625
-180.09185791015625,-76.3397216796875,32.9437255859375,113.48724365234375,63.27056884765625
-76.83563232421875,-124.6337890625,-81.8328857421875,62.84332275390625,70.5108642578125
67.45147705078125,13.52691650390625,-85.9832763671875,-72.94464111328125,-65.57464599609375
37.200927734375,63.57574462890625,90.9423828125,103.607177734375,-11.0931396484375
-45.38726806640625,-143.79119873046875,-46.69189453125,135.345458984375,86.35711669921875
80.97076416015625,-34.85870361328125,-125.38909912109375,-44.16656494140625,-78.08685302734375
6.79779052734375,92.0562744140625,126.77001953125,125.23651123046875,-110.03875732421875
-75.95062255859375,-93.23883056640625,-59.39483642578125,-48.30169677734375,109.07745361328125
110.443115234375,28.93829345703125,-70.6329345703125,-93.3380126953125,-77.49176025390625
-68.7103271484375,54.63409423828125,73.55499267578125,87.066650390625,41.80145263671875
-62.55340576171875,-90.51513671875,-104.400634765625,-52.05535888671875,70.8160400390625
117.00439453125,78.14788818359375,32.44781494140625,-154.0374755859375,-133.36944580078125
-46.33331298828125,121.37603759765625,103.729248046875,67.71087646484375,19.805908203125
-92.9718017578125,-193.55010986328125,-80.00946044921875,-50.59814453125,55.206298828125
71.57135009765625,112.8692626953125,97.900390625,31.768798828125,-97.20611572265625
-127.20489501953125,-47.12677001953125,-4.60052490234375,113.067626953125,105.1483154296875
69.83184814453125,-87.21923828125,-75.79803466796875,-77.94952392578125,-63.66729736328125
9.26971435546875,74.859619140625,97.28240966796875,68.8629150390625,-22.10235595703125
-39.66522216796875,-132.2021484375,-83.8165283203125,-24.65057373046875,81.06231689453125
84.1064453125,99.365234375,36.4990234375,-21.87347412109375,-92.12493896484375
-104.79736328125,-43.6248779296875,-55.145263671875,14.5721435546875,66.30706787109375
64.72015380859375,59.8602294921875,-9.91058349609375,-110.54229736328125,-129.547119140625
-64.12506103515625,-43.51806640625,67.16156005859375,110.8856201171875,88.40179443359375
16.47186279296875,-30.02166748046875,-119.14825439453125,-126.7547607421875,-60.211181640625
67.8253173828125,140.72418212890625,39.29901123046875,-43.5638427734375,-206.47430419921875
-48.24066162109375,-7.1868896484375,249.99237060546875,89.569091796875,49.96490478515625
-31.92138671875,-117.91229248046875,-107.6202392578125,1.5869140625,232.13958740234375
102.37884521484375,30.66253662109375,-93.28460693359375,-212.85247802734375,-67.43621826171875
3.90625,103.93524169921875,125.9765625,67.17681884765625,24.993896484375
-56.90765380859375,-175.7659912109375,-129.5928955078125,-10.87188720703125,136.08551025390625
205.00946044921875,43.76220703125,-36.01837158203125,-139.7552490234375,-112.61749267578125
-43.975830078125,9.2010498046875,47.08099365234375,123.61907958984375,45.013427734375
-3.7384033203125,-33.4625244140625,-141.66259765625,-42.41180419921875,-52.581787109375
51.45263671875,96.97723388671875,48.4771728515625,12.6495361328125,12.02392578125
-172.93548583984375,-101.5167236328125,-24.08599853515625,37.9180908203125,125.26702880859375
93.20831298828125,33.02001953125,-37.01019287109375,-132.37762451171875,-86.0595703125
-28.52630615234375,87.1734619140625,102.53143310546875,71.197509765625,26.123046875
-82.35931396484375,-80.7342529296875,-119.5068359375,-67.10052490234375,-44.31915283203125
45.67718505859375,196.2127685546875,115.72265625,49.530029296875,-158.233642578125
-69.03839111328125,-15.289306640625,183.41827392578125,95.8404541015625,0.42724609375
-119.415283203125,-152.03094482421875,-24.10888671875,34.49249267578125,153.2440185546875
13.96942138671875,-68.35174560546875,-69.54193115234375,-126.71661376953125,-7.720947265625
140.4571533203125,117.2637939453125,25.45166015625,-45.03631591796875,-95.855712890625
-153.4576416015625,-70.831298828125,7.6141357421875,106.31561279296875,176.67388916015625
37.7044677734375,-120.12481689453125,-125.3662109375,-32.79876708984375,129.14276123046875
186.63787841796875,70.5413818359375,-14.617919921875,-144.27947998046875,-71.533203125
29.510498046875,114.6697998046875,150.71868896484375,11.81793212890625,-59.41009521484375
-175.59051513671875,-40.130615234375,75.26397705078125,129.85992431640625,94.7418212890625
26.55029296875,-89.9200439453125,-58.38775634765625,-5.45501708984375,88.1805419921875
99.52545166015625,43.975830078125,-40.863037109375,-66.55120849609375,-135.55908203125
-66.13922119140625,2.6092529296875,114.75372314453125,136.7034912109375,141.2353515625
-7.31658935546875,-139.83917236328125,-117.92755126953125,-67.44384765625,-27.6336669921875
147.1405029296875,95.6878662109375,31.45599365234375,5.37109375,0.335693359375
-153.63311767578125,-168.64013671875,-27.00042724609375,24.47509765625,135.5743408203125
126.7852783203125,22.03369140625,-24.59716796875,-115.56243896484375,-163.74969482421875
-31.92901611328125,119.1864013671875,119.56024169921875,54.4281005859375,24.02496337890625
-25.24566650390625,-210.38818359375,-29.510498046875,-74.76043701171875,4.9285888671875
105.072021484375,58.9141845703125,110.77880859375,36.8804931640625,-17.8680419921875
-71.35009765625,-97.09930419921875,-7.31658935546875,78.83453369140625,131.1798095703125
37.0635986328125,-6.91986083984375,-98.6328125,-127.72369384765625,-67.25311279296875
203.54461669921875,167.9840087890625,42.57965087890625,-48.309326171875,-179.40521240234375
-77.46124267578125,208.0230712890625,104.68292236328125,18.12744140625,-18.15032958984375
-104.4921875,-91.42303466796875,-59.83734130859375,99.46441650390625,82.72552490234375
73.5015869140625,10.20050048828125,-130.72967529296875,-70.03021240234375,-32.0892333984375
123.9471435546875,136.3983154296875,56.15997314453125,11.138916015625,-129.241943359375
-155.5938720703125,-40.3594970703125,151.35955810546875,102.3101806640625,32.27996826171875
-27.252197265625,-129.4403076171875,-116.9891357421875,-25.2838134765625,95.74127197265625
148.06365966796875,73.66180419921875,-49.7894287109375,-117.85125732421875,-138.45062255859375
-25.6500244140625,107.4676513671875,101.1810302734375,130.3253173828125,-3.65447998046875
-100.73089599609375,-100.66986083984375,-71.34246826171875,-14.984130859375,98.4344482421875
119.95697021484375,102.82135009765625,23.0255126953125,-115.1275634765625,-161.529541015625
-79.79583740234375,-33.04290771484375,105.99517822265625,185.821533203125,21.09527587890625
-63.10272216796875,-164.0777587890625,-59.2498779296875,-43.54095458984375,41.6259765625
170.69244384765625,85.70098876953125,70.61004638671875,-34.20257568359375,-190.42205810546875
15.32745361328125,30.11322021484375,-42.76275634765625,-0.81634521484375,21.4385986328125
-42.41180419921875,-0.64849853515625,8.75091552734375,-14.22882080078125,56.671142578125
-46.93603515625,22.69744873046875,18.05877685546875,-26.92413330078125,32.53173828125
-22.674560546875,-14.892578125,66.13922119140625,-43.98345947265625,8.04901123046875
2.716064453125,3.1585693359375,67.5048828125,-36.651611328125,19.90509033203125
53.64990234375,-53.12347412109375,62.103271484375,-9.11712646484375,6.59942626953125
33.50067138671875,-43.90716552734375,41.95404052734375,14.09912109375,-26.80206298828125
56.12945556640625,-39.32952880859375,8.5906982421875,1.6632080078125,-48.4161376953125
46.5545654296875,-18.85986328125,13.87786865234375,4.33349609375,-50.08697509765625
31.7840576171875,-21.820068359375,-14.03045654296875,28.31268310546875,-48.11859130859375
19.53887939453125,-17.20428466796875,3.47137451171875,7.7972412109375,-20.04241943359375
12.1917724609375,20.2484130859375,-21.7437744140625,6.78253173828125,2.35748291015625
-19.1192626953125,3.53240966796875,-0.67138671875,-7.3394775390625,16.45660400390625
-7.22503662109375,-12.41302490234375,9.613037109375,-10.90240478515625,4.2877197265625
18.1427001953125,-14.76287841796875,-1.0223388671875,23.39935302734375,-5.4779052734375
-12.603759765625,26.9927978515625,-8.73565673828125,11.4593505859375,26.702880859375
-11.16180419921875,-6.53076171875,16.815185546875,-7.9345703125,-19.10400390625
25.07781982421875,-8.52203369140625,-22.65167236328125,25.62713623046875,-9.05609130859375
-10.5133056640625,25.88653564453125,-13.87786865234375,15.4876708984375,22.216796875
-17.31109619140625,15.80047607421875,-4.53948974609375,-22.39990234375,21.09527587890625
-24.3682861328125,-36.53717041015625,54.13818359375,-42.18292236328125,28.83148193359375
-29.144287109375,-11.199951171875,31.7535400390625,-45.8831787109375,38.42926025390625
-26.6876220703125,-9.97161865234375,47.2259521484375,-37.506103515625,18.1884765625
-13.153076171875,-19.96612548828125,42.0989990234375,-42.56439208984375,3.570556640625
-1.983642578125,-0.9613037109375,48.6602783203125,-31.99005126953125,40.71807861328125
1.53350830078125,-8.7127685546875,47.607421875,-9.26971435546875,11.9171142578125
9.70458984375,-51.94854736328125,63.54522705078125,-44.2352294921875,3.60107421875
29.8614501953125,-45.9747314453125,33.36334228515625,-26.5045166015625,-0.35858154296875
28.0609130859375,-30.95245361328125,46.40960693359375,-42.71697998046875,9.765625
49.5758056640625,-44.158935546875,41.2139892578125,-29.93011474609375,32.65380859375
17.84515380859375,-4.57763671875,17.1356201171875,8.78143310546875,0.91552734375
7.97271728515625,-2.99072265625,-1.97601318359375,-20.01190185546875,10.498046875
1.6937255859375,10.345458984375,1.39617919921875,-18.8751220703125,18.463134765625
10.772705078125,3.62396240234375,35.31646728515625,-16.0980224609375,10.68115234375
11.78741455078125,-10.4827880859375,8.2550048828125,8.7738037109375,-13.3056640625
18.71490478515625,6.40106201171875,-6.28662109375,15.19012451171875,14.5416259765625
-26.824951171875,13.14544677734375,15.07568359375,-11.49749755859375,11.89422607421875
-1.9378662109375,-7.43865966796875,29.0069580078125,-0.31280517578125,-3.509521484375
15.777587890625,-3.73077392578125,-24.1546630859375,15.61737060546875,1.15966796875
-5.79833984375,10.5438232421875,18.37158203125,-14.62554931640625,7.72857666015625
12.298583984375,-16.143798828125,50.4608154296875,-22.25494384765625,11.7950439453125
33.38623046875,-22.07183837890625,35.49957275390625,13.67950439453125,-31.39495849609375
5.98907470703125,-42.86956787109375,52.2308349609375,-37.2467041015625,-3.30352783203125
7.42340087890625,-50.262451171875,31.41021728515625,-26.79443359375,23.590087890625
7.0648193359375,-70.45745849609375,59.79156494140625,-0.81634521484375,-21.62933349609375
36.52191162109375,64.50653076171875,-52.5054931640625,55.5572509765625,-33.50067138671875
44.07501220703125,63.74359130859375,-55.4656982421875,46.9512939453125,-61.279296875
37.89520263671875,-48.19488525390625,49.21722412109375,-22.2930908203125,8.72039794921875
7.32421875,-24.7802734375,32.4554443359375,46.69189453125,-9.490966796875
37.65869140625,26.9927978515625,-16.57867431640625,39.1845703125,-47.64556884765625
4.08172607421875,-4.119873046875,16.24298095703125,17.00592041015625,5.9814453125
7.781982421875,10.26153564453125,-10.68115234375,0.69427490234375,-2.6702880859375
-8.697509765625,4.7149658203125,-3.31878662109375,-10.68878173828125,2.5177001953125
-0.31280517578125,-0.9613037109375,6.75201416015625,-2.03704833984375,-6.84356689453125
7.24029541015625,-4.302978515625,-4.79888916015625,-13.45062255859375,11.2457275390625
4.08935546875,7.4310302734375,-8.72802734375,9.0484619140625,3.23486328125
3.83758544921875,7.6751708984375,4.150390625,2.47955322265625,-7.77435302734375
18.45550537109375,4.8675537109375,-5.60760498046875,1.62506103515625,-7.7972412109375
-14.21356201171875,23.5137939453125,2.25830078125,-13.8397216796875,16.2353515625
19.69146728515625,-6.17218017578125,5.66864013671875,20.6451416015625,-14.2059326171875
-7.568359375,-51.513671875,56.31256103515625,-40.2374267578125,28.06854248046875
-37.77313232421875,44.25811767578125,-45.0286865234375,43.243408203125,-23.01788330078125
24.02496337890625,20.69854736328125,-17.18902587890625,15.3045654296875,-58.41827392578125
55.1605224609375,-26.0162353515625,34.55352783203125,15.8538818359375,-10.2386474609375
6.7138671875,-40.30609130859375,42.6788330078125,-8.0108642578125,-8.270263671875
33.72955322265625,1.38092041015625,36.26251220703125,-56.46514892578125,49.94964599609375
-34.58404541015625,29.99114990234375,-23.4222412109375,59.50164794921875,-10.91766357421875
0.92315673828125,-2.34222412109375,-59.1278076171875,41.5191650390625,-46.417236328125
61.9049072265625,-12.87841796875,20.20263671875,-5.889892578125,-34.27886962890625
56.7474365234375,-40.45867919921875,39.9627685546875,-44.12078857421875,52.6123046875
1.77001953125,13.55743408203125,-4.28009033203125,9.09423828125,14.190673828125
-11.962890625,6.27899169921875,9.09423828125,3.4637451171875,14.2059326171875
20.5841064453125,3.6468505859375,-12.786865234375,17.57049560546875,8.58306884765625
-28.14483642578125,0.06103515625,20.99609375,-0.28228759765625,-7.62176513671875
5.91278076171875,6.622314453125,-10.32257080078125,11.6424560546875,13.26751708984375
-17.9290771484375,8.29315185546875,8.4075927734375,-1.85394287109375,3.0059814453125
-0.25177001953125,6.32476806640625,3.59344482421875,-14.5111083984375,-3.5552978515625
9.368896484375,11.7340087890625,-1.8463134765625,7.0343017578125,-0.3662109375
-6.65283203125,10.47515869140625,0.67138671875,-8.90350341796875,11.5966796875
9.48333740234375,-21.46148681640625,3.4942626953125,5.828857421875,3.2806396484375
19.64569091796875,33.5235595703125,-7.48443603515625,-2.8076171875,48.27880859375
-51.2542724609375,41.69464111328125,-33.56170654296875,61.8133544921875,-10.32257080078125
18.28765869140625,17.25006103515625,-41.717529296875,62.98828125,-5.92803955078125
22.25494384765625,-33.4930419921875,-4.9896240234375,49.3621826171875,-23.68927001953125
30.12847900390625,-22.430419921875,-16.54052734375,55.5419921875,-34.88922119140625
3.51715087890625,0.0762939453125,13.22174072265625,53.5125732421875,-18.39447021484375
-17.02880859375,36.712646484375,-32.65380859375,-32.17315673828125,30.57861328125
-31.34918212890625,22.9644775390625,55.0537109375,-8.33892822265625,68.62640380859375
-62.53814697265625,8.026123046875,-2.67791748046875,23.3612060546875,-34.53826904296875
-10.65826416015625,38.2232666015625,31.13555908203125,-10.36834716796875,-10.284423828125
4.608154296875,1.91497802734375,2.3040771484375,-1.0223388671875,6.66046142578125
5.6610107421875,-1.97601318359375,1.68609619140625,-4.17327880859375,5.2337646484375
4.52423095703125,-11.81793212890625,0.66375732421875,3.39508056640625,-4.23431396484375
15.14434814453125,0.579833984375,-5.3558349609375,6.378173828125,9.55963134765625
-2.1209716796875,-2.0294189453125,3.387451171875,-3.082275390625,-3.71551513671875
4.2877197265625,3.35693359375,-13.09967041015625,4.7454833984375,8.06427001953125
2.5634765625,6.988525390625,-6.34002685546875,1.6937255859375,1.19781494140625
4.85992431640625,4.53948974609375,-2.28118896484375,8.270263671875,7.4310302734375
-4.29534912109375,10.1165771484375,2.3651123046875,-7.7056884765625,2.26593017578125
10.6964111328125,-3.2806396484375,12.26043701171875,5.584716796875,-2.52532958984375
40.30609130859375,13.3056640625,-24.4293212890625,0.06103515625,-38.04779052734375
41.1834716796875,-23.84185791015625,20.7672119140625,-32.34100341796875,23.25439453125
-20.51544189453125,9.59014892578125,-3.5247802734375,25.97808837890625,-8.65936279296875
28.472900390625,-18.95904541015625,8.97979736328125,21.026611328125,-25.48980712890625
31.3720703125,-1.30462646484375,7.965087890625,18.85986328125,-44.647216796875
39.58892822265625,-43.09844970703125,43.7774658203125,-42.51861572265625,52.45208740234375
-34.53826904296875,24.23858642578125,-51.06353759765625,50.89569091796875,-17.66204833984375
-22.54486083984375,-7.6141357421875,37.34588623046875,-15.93017578125,8.76617431640625
11.77215576171875,-41.1224365234375,16.34979248046875,-48.34747314453125,50.5218505859375
-10.4522705078125,-19.4244384765625,23.17047119140625,-35.36224365234375,58.54034423828125
4.66156005859375,-4.33349609375,-0.7781982421875,14.58740234375,3.31878662109375
-3.04412841796875,6.09588623046875,-1.85394287109375,-4.17327880859375,-1.62506103515625
0.87738037109375,2.288818359375,7.9193115234375,-3.95965576171875,8.514404296875
-16.143798828125,-44.1741943359375,1.83868408203125,-4.60052490234375,10.2081298828125
-9.2315673828125,4.45556640625,7.2174072265625,3.23486328125,15.87677001953125
4.45556640625,-0.518798828125,-6.103515625,-7.568359375,11.41357421875
-4.94384765625,-6.47735595703125,6.9122314453125,4.72259521484375,10.38360595703125
-6.03485107421875,-3.18145751953125,0.45013427734375,3.31878662109375,-7.843017578125
-2.87628173828125,-6.64520263671875,5.76019287109375,6.866455078125,-14.8468017578125
14.3280029296875,7.54547119140625,-3.7994384765625,10.4522705078125,3.37982177734375
-37.26959228515625,7.232666015625,-0.23651123046875,3.77655029296875,-2.41851806640625
60.29510498046875,-39.1845703125,16.4947509765625,-11.92474365234375,-16.2506103515625
0.9765625,-50.0946044921875,43.304443359375,-49.76654052734375,23.84185791015625
-36.651611328125,28.81622314453125,9.17816162109375,24.59716796875,49.61395263671875
-38.24615478515625,-18.2037353515625,4.35638427734375,1.40380859375,-0.48828125
-47.88970947265625,13.06915283203125,-0.43487548828125,1.64794921875,48.004150390625
-26.84783935546875,4.9591064453125,-2.15911865234375,14.13726806640625,-36.73553466796875
5.54656982421875,5.54656982421875,25.87127685546875,-1.28173828125,-11.16943359375
5.05828857421875,6.27899169921875,41.3055419921875,-46.94366455078125,5.6304931640625
1.83868408203125,35.491943359375,-43.64013671875,9.2926025390625,1.2054443359375
-9.613037109375,-1.1749267578125,-8.90350341796875,10.1470947265625,2.28118896484375
-14.59503173828125,11.69586181640625,10.12420654296875,-18.77593994140625,8.148193359375
41.80145263671875,49.6063232421875,-16.876220703125,15.8538818359375,-5.66864013671875
8.32366943359375,1.495361328125,17.02880859375,-5.45501708984375,33.7066650390625
19.4244384765625,19.81353759765625,-7.36236572265625,-8.5296630859375,5.218505859375
-0.579833984375,-2.4871826171875,8.30078125,-24.0325927734375,5.25665283203125
5.66864013671875,8.5296630859375,2.51007080078125,4.6844482421875,-0.41961669921875
-3.99017333984375,18.6614990234375,-18.951416015625,2.655029296875,-7.42340087890625
4.547119140625,-19.4854736328125,6.0882568359375,-0.02288818359375,-6.85882568359375
16.510009765625,0.84686279296875,16.0064697265625,-1.28173828125,11.19232177734375
-22.4609375,-30.4412841796875,19.03533935546875,-41.08428955078125,47.5006103515625
-4.7149658203125,30.18951416015625,-11.65008544921875,18.28765869140625,-43.5638427734375
16.05224609375,-22.674560546875,51.4984130859375,-31.951904296875,16.53289794921875
8.6212158203125,-45.41015625,-8.97216796875,55.61065673828125,9.70458984375
-39.55078125,7.97271728515625,-6.805419921875,-36.4227294921875,44.44122314453125
-30.22003173828125,-6.70623779296875,8.43048095703125,-38.96331787109375,36.68212890625
-34.5001220703125,19.64569091796875,34.72137451171875,-38.4521484375,-0.823974609375
53.3599853515625,-15.55633544921875,-8.7432861328125,-22.98736572265625,6.8817138671875
19.8974609375,-20.81298828125,-14.129638671875,-25.61187744140625,3.83758544921875
10.67352294921875,-44.10552978515625,69.51904296875,-13.57269287109375,-43.64013671875
-6.4849853515625,-1.13677978515625,1.82342529296875,2.8533935546875,3.4637451171875
2.9296875,4.81414794921875,1.30462646484375,6.23321533203125,-7.31658935546875
14.50347900390625,-11.3983154296875,-12.359619140625,15.2435302734375,-4.5623779296875
-4.63104248046875,4.46319580078125,0.20599365234375,-11.14654541015625,18.096923828125
9.033203125,-8.3160400390625,11.199951171875,-7.32421875,-11.8865966796875
16.86859130859375,-10.6658935546875,-11.83319091796875,24.58953857421875,0.41961669921875
-7.5836181640625,23.78082275390625,-2.37274169921875,-18.47076416015625,19.6533203125
4.63104248046875,-1.9378662109375,9.13238525390625,-9.63592529296875,16.9525146484375
10.06317138671875,-12.48931884765625,17.87567138671875,0.1373291015625,-6.55364990234375
7.9498291015625,-3.37982177734375,-10.78033447265625,13.427734375,5.92041015625
-13.16070556640625,51.75018310546875,-18.585205078125,31.3873291015625,-35.46905517578125
-3.997802734375,-6.15692138671875,-33.98895263671875,41.2750244140625,-34.08050537109375
21.026611328125,-21.76666259765625,-6.0577392578125,26.98516845703125,-31.19659423828125
26.90887451171875,-5.39398193359375,16.24298095703125,51.07879638671875,-37.017822265625
36.0107421875,-47.66082763671875,27.68707275390625,-40.01617431640625,17.730712890625
-7.51495361328125,31.4483642578125,-7.27081298828125,36.19384765625,-16.59393310546875
39.5050048828125,-8.453369140625,53.619384765625,-36.7889404296875,40.1611328125
-24.0631103515625,32.1044921875,-37.42218017578125,28.2135009765625,-21.7437744140625
-6.34765625,41.4276123046875,-23.223876953125,58.8226318359375,-8.0413818359375
-33.16497802734375,-49.896240234375,42.0684814453125,-52.154541015625,42.5262451171875
-3.5552978515625,1.79290771484375,25.115966796875,-8.07952880859375,-7.1868896484375
7.110595703125,-9.9639892578125,9.74273681640625,-3.34930419921875,-12.6953125
17.6544189453125,-14.0838623046875,13.031005859375,8.1787109375,-25.482177734375
10.23101806640625,-0.55694580078125,-17.578125,13.7481689453125,-2.38037109375
9.46044921875,0.0,-1.068115234375,10.2691650390625,-15.28167724609375
16.62445068359375,2.0599365234375,-1.18255615234375,3.04412841796875,0.5950927734375
0.45013427734375,11.932373046875,-11.6119384765625,-0.57220458984375,-8.4381103515625
7.59124755859375,-0.19073486328125,-8.8043212890625,18.218994140625,-4.72259521484375
-1.79290771484375,6.96563720703125,-6.4239501953125,7.60650634765625,11.84844970703125
0.52642822265625,11.8255615234375,-8.9263916015625,4.82940673828125,5.68389892578125
-1.556396484375,-20.1568603515625,-15.777587890625,-8.64410400390625,-52.39105224609375
39.74151611328125,-60.26458740234375,39.276123046875,2.52532958984375,-44.47174072265625
38.15460205078125,23.0865478515625,-20.355224609375,53.22265625,2.02178955078125
11.77978515625,-27.557373046875,2.0904541015625,38.0096435546875,-33.79058837890625
10.35308837890625,-21.7437744140625,69.88525390625,-32.8216552734375,63.7054443359375
30.78460693359375,-12.61138916015625,36.6363525390625,51.47552490234375,54.90875244140625
-34.0423583984375,51.7425537109375,-13.61846923828125,-30.38787841796875,13.275146484375
-44.49462890625,50.77362060546875,-48.86627197265625,14.94598388671875,48.3856201171875
-53.12347412109375,55.65643310546875,-8.209228515625,14.80865478515625,-29.3731689453125
-26.78680419921875,67.40570068359375,-13.77105712890625,19.76776123046875,18.16558837890625
-11.37542724609375,-15.167236328125,26.275634765625,-3.42559814453125,-19.4244384765625
15.86151123046875,-3.021240234375,-4.8675537109375,11.383056640625,18.6004638671875
8.514404296875,-13.34381103515625,10.7574462890625,-13.8702392578125,-12.62664794921875
20.13397216796875,-8.20159912109375,-19.55413818359375,17.8375244140625,-14.67132568359375
12.10784912109375,-1.65557861328125,-10.2386474609375,16.42608642578125,-3.6773681640625
-1.3580322265625,-7.4462890625,7.1563720703125,-13.00811767578125,24.7039794921875
-7.45391845703125,3.143310546875,26.26800537109375,-23.94866943359375,-3.10516357421875
-6.561279296875,-18.47076416015625,20.2484130859375,-4.69207763671875,-8.5601806640625
9.7808837890625,-2.655029296875,3.97491455078125,-9.55963134765625,13.580322265625
-2.3040771484375,3.27301025390625,2.01416015625,1.71661376953125,31.7840576171875
