-1.35040283203125,-25.32196044921875,103.2867431640625,-21.76666259765625,66.131591796875
-61.43951416015625,16.09039306640625,47.0733642578125,-51.91802978515625,69.84710693359375
-60.0128173828125,8.23974609375,22.1405029296875,-71.4569091796875,50.35400390625
-30.059814453125,-70.6024169921875,17.89093017578125,-50.23956298828125,-66.49017333984375
116.241455078125,-11.5814208984375,7.04193115234375,32.562255859375,-50.0946044921875
-52.4139404296875,16.01409912109375,-38.9251708984375,-30.0750732421875,-34.70611572265625
27.83203125,-20.08819580078125,14.86968994140625,11.95526123046875,18.82171630859375
18.0206298828125,-17.57049560546875,17.9290771484375,-67.60406494140625,14.68658447265625
65.58990478515625,-44.12841796875,57.5714111328125,9.59014892578125,-45.66192626953125
9.13238525390625,-17.486572265625,56.33544921875,-78.61328125,28.98406982421875
-1.068115234375,43.87664794921875,6.44683837890625,-19.49310302734375,13.9312744140625
-26.6876220703125,7.01904296875,19.78302001953125,2.40325927734375,22.78900146484375
-89.14947509765625,-7.5225830078125,6.04248046875,-40.24505615234375,36.01837158203125
-0.0152587890625,-7.080078125,50.02593994140625,-15.02227783203125,17.58575439453125
-28.50341796875,-5.97381591796875,23.590087890625,-9.2620849609375,55.82427978515625
-50.6744384765625,53.39813232421875,11.077880859375,15.7470703125,32.06634521484375
30.14373779296875,-9.5977783203125,-19.84405517578125,79.2999267578125,20.4010009765625
15.716552734375,-34.78240966796875,23.75030517578125,-11.81793212890625,10.21575927734375
-36.1175537109375,36.72027587890625,-50.40740966796875,-1.8310546875,22.85003662109375
-12.969970703125,1.7547607421875,11.7645263671875,-18.9666748046875,54.23736572265625
-15.66314697265625,-25.74920654296875,-41.9921875,-6.3323974609375,-4.974365234375
-3.33404541015625,-9.74273681640625,-44.53277587890625,2.11334228515625,-14.74761962890625
-1.7242431640625,4.1046142578125,28.80859375,-27.2064208984375,0.12969970703125
-26.43585205078125,-13.60321044921875,20.69854736328125,-2.0294189453125,4.87518310546875
13.17596435546875,-28.350830078125,16.45660400390625,22.68218994140625,3.59344482421875
15.29693603515625,13.42010498046875,2.01416015625,6.622314453125,-29.01458740234375
-6.4239501953125,22.3541259765625,-8.209228515625,11.25335693359375,-8.819580078125
-0.54931640625,0.78582763671875,7.40814208984375,1.06048583984375,41.32843017578125
10.4217529296875,13.092041015625,6.2103271484375,2.13623046875,17.14324951171875
-6.58416748046875,-3.8299560546875,-24.4903564453125,-16.51763916015625,-3.80706787109375
-5.6304931640625,-0.9918212890625,-7.01904296875,17.8070068359375,-32.318115234375
7.22503662109375,-27.21405029296875,9.0484619140625,17.49420166015625,-3.70025634765625
29.47998046875,17.4407958984375,-3.54766845703125,-1.5411376953125,-21.2860107421875
42.04559326171875,25.8636474609375,4.95147705078125,5.7830810546875,-11.8408203125
-13.0615234375,-16.5863037109375,8.30841064453125,12.02392578125,2.899169921875
17.8985595703125,-2.47955322265625,-32.6995849609375,-4.23431396484375,-12.51220703125
16.815185546875,-7.39288330078125,-57.16705322265625,47.30224609375,-34.271240234375
36.62872314453125,-24.8565673828125,26.23748779296875,-34.5458984375,32.3486328125
-9.490966796875,9.63592529296875,-11.49749755859375,16.204833984375,-5.56182861328125
29.1900634765625,-14.678955078125,14.01519775390625,14.53399658203125,-16.7083740234375
-1.8463134765625,-0.3509521484375,4.0435791015625,-12.87841796875,-9.368896484375
23.65875244140625,-69.4122314453125,40.85540771484375,10.9100341796875,-4.89044189453125
34.26361083984375,-11.3677978515625,69.03839111328125,-11.52801513671875,5.14984130859375
15.92254638671875,-75.7598876953125,62.12615966796875,-74.15008544921875,61.31744384765625
24.4293212890625,78.97186279296875,37.200927734375,17.9290771484375,16.4337158203125
-51.10931396484375,25.90179443359375,-34.5611572265625,4.99725341796875,-74.7222900390625
100.28839111328125,-6.17218017578125,4.49371337890625,-0.46539306640625,-36.7431640625
-14.2974853515625,7.354736328125,74.30267333984375,21.026611328125,4.15802001953125
-39.10064697265625,3.8299560546875,60.31036376953125,0.48828125,-1.07574462890625
42.65594482421875,-11.03973388671875,-27.2674560546875,-13.43536376953125,16.998291015625
-26.458740234375,-2.84576416015625,-2.1514892578125,2.18963623046875,-2.0904541015625
-0.823974609375,-2.9449462890625,16.387939453125,9.48333740234375,-58.41064453125
9.69696044921875,45.76873779296875,-38.53607177734375,-11.932373046875,18.66912841796875
-52.45208740234375,5.62286376953125,108.26873779296875,-61.6302490234375,-5.2490234375
-43.9910888671875,15.29693603515625,-16.25823974609375,38.15460205078125,12.6953125
-17.32635498046875,53.192138671875,-8.07952880859375,-43.45703125,10.43701171875
-44.6319580078125,-6.9122314453125,46.83685302734375,-125.1678466796875,31.0516357421875
18.63861083984375,-5.43212890625,-21.5301513671875,57.0068359375,32.012939453125
20.45440673828125,13.29803466796875,-9.613037109375,-18.9666748046875,21.026611328125
60.99700927734375,-60.60028076171875,28.98406982421875,2.5634765625,-3.5400390625
-1.3275146484375,-0.9613037109375,-0.69427490234375,0.49591064453125,-2.3193359375
-0.946044921875,-2.96783447265625,-5.5389404296875,-13.0157470703125,145.62225341796875
-32.2113037109375,49.75128173828125,57.09075927734375,-100.33416748046875,18.27239990234375
90.18707275390625,-31.18896484375,26.031494140625,63.507080078125,-75.8056640625
18.1121826171875,34.06524658203125,-55.2978515625,-3.57818603515625,84.442138671875
-6.134033203125,9.75799560546875,78.0181884765625,43.78509521484375,5.05828857421875
30.35736083984375,-15.58685302734375,-9.46807861328125,7.20977783203125,-3.11279296875
29.083251953125,46.6156005859375,-60.26458740234375,40.80963134765625,9.77325439453125
-49.9420166015625,-13.06915283203125,7.8277587890625,-85.65521240234375,14.22882080078125
12.7105712890625,-45.3033447265625,16.7388916015625,15.99884033203125,47.79052734375
1.21307373046875,0.23651123046875,0.762939453125,-4.32586669921875,-4.302978515625
-45.196533203125,107.24639892578125,-70.03021240234375,57.9986572265625,36.1785888671875
-91.19415283203125,81.32171630859375,-37.0635986328125,9.429931640625,22.918701171875
14.79339599609375,-29.09088134765625,13.519287109375,22.247314453125,11.1846923828125
34.47723388671875,-12.74871826171875,-49.3011474609375,13.75579833984375,-153.1524658203125
5.4779052734375,57.7545166015625,-95.947265625,70.77789306640625,28.46527099609375
-90.30914306640625,-4.20379638671875,25.64239501953125,-22.20916748046875,30.792236328125
5.28717041015625,-18.646240234375,-91.24755859375,37.14752197265625,-36.7431640625
-30.90667724609375,18.6004638671875,-41.656494140625,31.74591064453125,-55.03082275390625
-44.281005859375,-16.6168212890625,50.55999755859375,-88.98162841796875,30.60150146484375
-1.4801025390625,-80.108642578125,75.58441162109375,-122.73406982421875,1.922607421875
-24.871826171875,-30.58624267578125,55.24444580078125,90.2099609375,-47.93548583984375
-31.79931640625,77.55279541015625,-66.6046142578125,116.7449951171875,12.19940185546875
3.88336181640625,-27.87017822265625,44.42596435546875,-24.00970458984375,29.27398681640625
-33.83636474609375,-70.85418701171875,25.299072265625,-1.82342529296875,-60.20355224609375
73.150634765625,-67.00897216796875,-11.77215576171875,45.63140869140625,-90.70587158203125
26.4739990234375,-6.73675537109375,58.40301513671875,-6.3934326171875,-1.2664794921875
-32.0892333984375,67.45147705078125,-79.559326171875,63.9801025390625,-50.30059814453125
31.16607666015625,-40.95458984375,59.07440185546875,31.22711181640625,-107.1319580078125
56.6253662109375,-36.64398193359375,49.74365234375,3.173828125,37.14752197265625
-1.80816650390625,14.6942138671875,-6.01959228515625,-1.312255859375,9.72747802734375
-19.6990966796875,9.7503662109375,-18.280029296875,-5.33294677734375,-31.27288818359375
6.011962890625,-9.613037109375,11.5509033203125,-33.19549560546875,-9.5977783203125
1.007080078125,32.32574462890625,-2.899169921875,-69.35882568359375,24.87945556640625
5.9051513671875,-19.69146728515625,0.11444091796875,3.60870361328125,-33.92791748046875
10.55145263671875,-34.1033935546875,7.80487060546875,-9.307861328125,8.056640625
0.1373291015625,12.237548828125,6.15692138671875,-17.53997802734375,13.90838623046875
15.80810546875,6.76727294921875,-4.69970703125,-16.265869140625,25.4364013671875
11.53564453125,-49.91912841796875,4.669189453125,1.73187255859375,0.9765625
14.38140869140625,10.101318359375,0.95367431640625,7.2021484375,-36.52191162109375
-0.46539306640625,-0.86212158203125,-0.4730224609375,-2.3040771484375,-20.0958251953125
-3.3416748046875,-20.89691162109375,-15.99884033203125,11.07025146484375,-24.23858642578125
-6.9732666015625,1.953125,17.88330078125,-9.37652587890625,6.8206787109375
10.76507568359375,-53.79486083984375,1.07574462890625,-79.38385009765625,-6.58416748046875
-57.60955810546875,39.10064697265625,28.61785888671875,27.7862548828125,10.42938232421875
30.4107666015625,-31.524658203125,19.17266845703125,-10.64300537109375,3.47137451171875
-37.16278076171875,-4.69207763671875,-21.4080810546875,16.9525146484375,-25.3448486328125
13.35906982421875,-49.78179931640625,9.94110107421875,-18.49365234375,-1.39617919921875
-33.5845947265625,-2.197265625,-15.899658203125,18.40972900390625,-43.5791015625
21.44622802734375,-15.6097412109375,8.17108154296875,-37.841796875,14.85443115234375
-1.70135498046875,-2.78472900390625,-0.1068115234375,-1.190185546875,6.44683837890625
24.47509765625,-6.95037841796875,3.6773681640625,0.0,5.9661865234375
0.48065185546875,30.18951416015625,16.41082763671875,11.8865966796875,-39.55078125
30.73883056640625,-4.06646728515625,-12.38250732421875,-1.56402587890625,-18.524169921875
-15.41900634765625,10.97869873046875,2.349853515625,-39.75677490234375,4.150390625
22.15576171875,-10.06317138671875,1.18255615234375,-0.86212158203125,33.94317626953125
-10.79559326171875,15.03753662109375,-10.7879638671875,8.20159912109375,5.04302978515625
-15.594482421875,10.8795166015625,11.53564453125,-13.3514404296875,5.83648681640625
25.68817138671875,-16.90673828125,13.519287109375,-17.17376708984375,-17.82989501953125
-0.091552734375,-27.68707275390625,-1.1749267578125,1.50299072265625,-26.4739990234375
-4.09698486328125,-2.32696533203125,-0.11444091796875,-11.17706298828125,-3.24249267578125
-4.33349609375,0.83160400390625,13.77105712890625,14.617919921875,0.6866455078125
-17.8985595703125,10.772705078125,-3.16619873046875,-18.68438720703125,18.768310546875
-12.908935546875,-14.68658447265625,-23.0560302734375,23.53668212890625,-8.0108642578125
-10.13946533203125,23.8800048828125,-23.6663818359375,1.85394287109375,1.04522705078125
-4.90570068359375,21.96502685546875,18.829345703125,5.98907470703125,-1.71661376953125
-15.05279541015625,6.50787353515625,4.26483154296875,-5.85174560546875,6.5765380859375
-27.21405029296875,-9.30023193359375,16.7236328125,-0.60272216796875,2.6702880859375
-10.7879638671875,-8.7127685546875,9.70458984375,-29.1595458984375,1.2054443359375
12.8936767578125,-1.06048583984375,-9.31549072265625,-15.14434814453125,-13.49639892578125
-0.8697509765625,-0.6561279296875,7.8277587890625,-11.322021484375,12.2222900390625
6.7138671875,13.90838623046875,-9.46807861328125,-23.1781005859375,0.46539306640625
7.6904296875,-23.193359375,-27.7099609375,-40.41290283203125,8.0413818359375
12.82501220703125,0.1068115234375,5.3558349609375,15.9912109375,-19.96612548828125
2.76947021484375,8.01849365234375,10.4217529296875,21.40045166015625,-21.24786376953125
8.52203369140625,-3.8604736328125,-17.50946044921875,29.7393798828125,-5.51605224609375
13.40484619140625,3.31878662109375,-33.63037109375,8.1939697265625,9.5672607421875
17.608642578125,-21.8658447265625,15.64788818359375,18.6614990234375,-5.92041015625
10.4522705078125,-22.7508544921875,19.83642578125,-3.875732421875,-3.51715087890625
22.97210693359375,-29.4036865234375,4.9591064453125,7.66754150390625,13.93890380859375
-1.70135498046875,0.42724609375,-16.2200927734375,3.0670166015625,-34.759521484375
8.1787109375,0.9765625,-2.90679931640625,17.32635498046875,-9.57489013671875
18.11981201171875,9.19342041015625,-2.9296875,5.77545166015625,11.90948486328125
13.60321044921875,-17.9595947265625,22.430419921875,12.39013671875,23.956298828125
-8.11767578125,-32.9437255859375,7.51495361328125,-26.03912353515625,12.88604736328125
-11.75689697265625,0.1068115234375,14.83154296875,-40.8477783203125,10.9100341796875
-40.74859619140625,8.04901123046875,-29.60968017578125,12.88604736328125,12.32147216796875
9.33074951171875,8.636474609375,-2.3345947265625,26.46636962890625,-42.09136962890625
28.289794921875,-12.75634765625,12.4359130859375,18.2952880859375,-13.34381103515625
24.72686767578125,-37.34588623046875,31.1737060546875,11.9781494140625,14.16778564453125
2.1209716796875,-23.4222412109375,14.862060546875,18.45550537109375,-55.9539794921875
43.80035400390625,-46.81396484375,17.4560546875,-47.95074462890625,35.42327880859375
-3.448486328125,1.190185546875,-20.83587646484375,-35.064697265625,37.66632080078125
-31.6162109375,18.798828125,-8.23211669921875,0.8544921875,-19.4854736328125
-4.28009033203125,16.38031005859375,-31.56280517578125,21.90399169921875,-12.20703125
17.669677734375,13.35906982421875,-24.25384521484375,32.1044921875,-31.59332275390625
27.3590087890625,31.48651123046875,-11.19232177734375,-29.937744140625,23.18572998046875
-6.50787353515625,-14.67132568359375,-6.4239501953125,19.04296875,-3.51715087890625
3.74603271484375,2.2125244140625,-56.70928955078125,26.90887451171875,-51.38397216796875
21.6522216796875,-30.1971435546875,13.45062255859375,13.46588134765625,-16.3726806640625
-1.068115234375,4.21142578125,0.4425048828125,-47.3480224609375,36.12518310546875
-56.37359619140625,42.85430908203125,10.528564453125,30.84564208984375,16.021728515625
-7.1258544921875,52.26898193359375,-3.2196044921875,8.23974609375,-7.9345703125
30.792236328125,-38.16986083984375,4.913330078125,-33.8287353515625,55.61065673828125
-59.14306640625,-18.61572265625,-3.10516357421875,29.80804443359375,-46.62322998046875
47.4853515625,-97.3968505859375,30.76934814453125,28.78570556640625,59.54742431640625
26.4129638671875,-15.625,-45.73822021484375,31.951904296875,-53.8177490234375
11.9476318359375,-38.57421875,37.75787353515625,48.2177734375,-21.575927734375
-32.1807861328125,-12.3291015625,0.00762939453125,-54.52728271484375,23.4832763671875
7.537841796875,-21.484375,-26.6876220703125,55.7708740234375,32.5927734375
-1.1749267578125,-0.63323974609375,0.8392333984375,-0.69427490234375,-22.5830078125
5.02777099609375,-53.39813232421875,-13.275146484375,-52.6275634765625,-19.61517333984375
-13.86260986328125,-18.39447021484375,-7.27081298828125,-37.7044677734375,9.063720703125
-35.43853759765625,30.60150146484375,-26.58843994140625,4.6234130859375,12.4359130859375
-4.364013671875,-40.252685546875,69.05364990234375,-26.75628662109375,12.73345947265625
-47.85919189453125,17.52471923828125,79.26177978515625,-29.22821044921875,26.7486572265625
-63.7664794921875,12.847900390625,-17.96722412109375,-73.67706298828125,47.93548583984375
53.35235595703125,-63.20953369140625,51.177978515625,103.2562255859375,-107.18536376953125
60.546875,73.28033447265625,-59.31854248046875,5.9814453125,97.1527099609375
-72.69287109375,63.629150390625,18.56231689453125,-5.37109375,-5.523681640625
-42.8924560546875,19.93560791015625,-39.7491455078125,81.80999755859375,-28.93829345703125
49.27825927734375,-32.3333740234375,35.186767578125,45.8831787109375,-104.6142578125
-68.45855712890625,172.35565185546875,187.98828125,-74.554443359375,62.79754638671875
-42.94586181640625,-5.889892578125,21.636962890625,-16.79229736328125,18.85986328125
-0.96893310546875,-32.81402587890625,-1.89208984375,27.83966064453125,-45.08209228515625
48.0804443359375,28.9764404296875,-64.6820068359375,48.004150390625,8.4075927734375
-14.22882080078125,14.70947265625,3.936767578125,-41.4886474609375,23.84185791015625
-66.2078857421875,7.0037841796875,-3.5247802734375,-6.2255859375,2.98309326171875
-5.706787109375,-31.10504150390625,18.2952880859375,26.4892578125,-78.07159423828125
62.7593994140625,-11.77215576171875,-8.15582275390625,-1.60980224609375,-10.8642578125
-0.42724609375,-0.23651123046875,-0.335693359375,9.0179443359375,-2.46429443359375
-18.44024658203125,3.11279296875,-12.68768310546875,16.76177978515625,-9.6893310546875
18.6004638671875,14.34326171875,6.866455078125,7.965087890625,-28.0914306640625
32.8826904296875,-9.613037109375,28.69415283203125,-35.5377197265625,0.640869140625
-32.562255859375,3.65447998046875,8.941650390625,11.65771484375,17.5323486328125
-36.24725341796875,30.426025390625,-24.36065673828125,8.9263916015625,-26.1383056640625
8.58306884765625,-14.99176025390625,-20.10345458984375,32.806396484375,-3.92913818359375
16.22772216796875,-13.77105712890625,28.5186767578125,-1.80816650390625,24.13177490234375
9.765625,-17.41790771484375,3.22723388671875,-38.055419921875,24.139404296875
-38.57421875,39.947509765625,-27.25982666015625,16.54815673828125,-3.56292724609375
3.2196044921875,-12.09259033203125,-5.91278076171875,-37.13226318359375,-16.18194580078125
10.97869873046875,38.0859375,27.8167724609375,31.3720703125,58.380126953125
-3.5552978515625,-33.39385986328125,-30.89141845703125,-47.7294921875,5.80596923828125
32.1807861328125,29.754638671875,41.7938232421875,-7.843017578125,-61.1572265625
-29.57916259765625,-21.40045166015625,-10.73455810546875,34.6527099609375,102.47039794921875
16.29638671875,-2.410888671875,-27.50396728515625,-62.95013427734375,-63.2781982421875
-4.6539306640625,7.87353515625,54.01611328125,53.741455078125,84.9456787109375
-40.1763916015625,-39.73388671875,-55.17578125,-44.68536376953125,3.65447998046875
41.81671142578125,35.57586669921875,21.79718017578125,-0.823974609375,-51.75018310546875
-28.0914306640625,-25.67291259765625,-5.2337646484375,38.14697265625,88.17291259765625
-1.89971923828125,3.74603271484375,1.21307373046875,8.85009765625,-17.3187255859375
1.1444091796875,-1.41143798828125,11.7645263671875,8.65936279296875,26.72576904296875
6.1798095703125,-40.09246826171875,-21.50726318359375,-22.979736328125,0.38909912109375
51.42974853515625,27.39715576171875,22.37701416015625,-4.150390625,-22.1710205078125
-58.98284912109375,-87.58544921875,-11.23046875,38.23089599609375,63.20953369140625
25.8026123046875,14.892578125,-30.38787841796875,-55.206298828125,-62.70599365234375
-19.98138427734375,8.79669189453125,47.4853515625,30.73883056640625,50.89569091796875
-11.3525390625,-43.7774658203125,-56.8389892578125,-29.38079833984375,14.251708984375
11.3525390625,10.29205322265625,37.17041015625,50.1556396484375,-10.6048583984375
-24.627685546875,-29.04510498046875,-52.87933349609375,-6.08062744140625,17.20428466796875
-10.47515869140625,20.74432373046875,19.52362060546875,-21.8963623046875,-47.2869873046875
-24.20806884765625,-25.41351318359375,7.62176513671875,32.806396484375,57.51800537109375
69.1070556640625,-0.274658203125,-19.98138427734375,-43.6248779296875,-75.15716552734375
-45.14312744140625,14.7552490234375,27.90069580078125,32.47833251953125,-0.3814697265625
-8.27789306640625,-40.45867919921875,-34.36279296875,-29.51812744140625,6.64520263671875
19.5770263671875,10.58197021484375,66.5130615234375,9.98687744140625,-36.17095947265625
-63.751220703125,-27.679443359375,-1.129150390625,21.1181640625,20.04241943359375
42.19818115234375,-29.21295166015625,-35.28594970703125,-60.1348876953125,-48.04229736328125
-6.3934326171875,58.9447021484375,31.08978271484375,75.897216796875,63.72833251953125
6.7291259765625,-13.458251953125,-60.92071533203125,-46.33331298828125,8.01849365234375
15.92254638671875,18.0511474609375,12.5885009765625,49.9267578125,28.228759765625
-58.10546875,-43.15185546875,-6.17218017578125,-13.14544677734375,3.01361083984375
20.72906494140625,74.77569580078125,78.4759521484375,-4.3487548828125,-39.11590576171875
-42.42706298828125,-57.06787109375,-12.93182373046875,23.0560302734375,12.14599609375
57.342529296875,38.3758544921875,-55.80902099609375,-51.483154296875,-38.604736328125
-37.750244140625,3.0517578125,20.42388916015625,26.80206298828125,56.95343017578125
-10.7574462890625,-45.35675048828125,-47.91259765625,-29.96826171875,-33.16497802734375
28.83148193359375,53.61175537109375,18.42498779296875,72.51739501953125,-34.332275390625
-55.4351806640625,-44.49462890625,-23.13995361328125,0.78582763671875,2.9144287109375
50.628662109375,40.435791015625,-3.1585693359375,-26.519775390625,-38.39874267578125
-11.43646240234375,-36.91864013671875,12.94708251953125,48.4161376953125,18.280029296875
39.3829345703125,40.0848388671875,-30.76934814453125,13.031005859375,-34.1949462890625
-48.5992431640625,45.9442138671875,32.8216552734375,73.70758056640625,19.24896240234375
-4.67681884765625,-32.7301025390625,-19.5159912109375,-31.66961669921875,-22.94158935546875
29.96826171875,20.538330078125,39.13116455078125,82.183837890625,-9.7198486328125
-11.31439208984375,-24.7802734375,-43.365478515625,5.0811767578125,92.18597412109375
39.9017333984375,29.19769287109375,47.58453369140625,-24.83367919921875,-21.81243896484375
-59.21173095703125,41.61834716796875,62.07275390625,55.11474609375,41.9921875
79.071044921875,33.447265625,-24.383544921875,-17.37213134765625,-52.5665283203125
24.90234375,-25.03204345703125,1.67083740234375,46.783447265625,-51.94091796875
-65.3839111328125,-27.77099609375,-41.40472412109375,-5.4779052734375,39.276123046875
32.29522705078125,23.0560302734375,21.026611328125,-14.30511474609375,-2.4261474609375
-30.364990234375,-0.244140625,-22.3846435546875,22.69744873046875,39.84832763671875
34.81292724609375,66.131591796875,-19.6380615234375,-70.6634521484375,2.75421142578125
-37.0635986328125,24.83367919921875,23.223876953125,20.05767822265625,56.57196044921875
33.8592529296875,-12.0697021484375,-27.1148681640625,-45.34912109375,17.75360107421875
3.47900390625,60.24169921875,117.89703369140625,-34.97314453125,-29.02984619140625
-37.42218017578125,-8.56781005859375,13.25225830078125,-9.3231201171875,18.6004638671875
84.747314453125,4.14276123046875,-20.7061767578125,-51.59759521484375,4.119873046875
58.14361572265625,6.8511962890625,52.2918701171875,42.572021484375,-22.36175537109375
-51.2542724609375,-74.04327392578125,-22.2015380859375,-11.260986328125,49.6673583984375
-8.6212158203125,59.75341796875,-55.79376220703125,-24.22332763671875,-52.67333984375
-52.28424072265625,16.6778564453125,19.20318603515625,32.46307373046875,56.22100830078125
73.760986328125,-52.30712890625,-62.0880126953125,-1.71661376953125,-37.55950927734375
1.068115234375,29.59442138671875,43.78509521484375,23.67401123046875,86.3037109375
-27.90069580078125,-45.05157470703125,-32.24945068359375,-50.25482177734375,-48.33984375
12.603759765625,-1.28936767578125,9.002685546875,52.9632568359375,26.885986328125
-40.679931640625,-34.3170166015625,-44.1741943359375,-46.20361328125,20.51544189453125
66.87164306640625,18.22662353515625,82.17620849609375,-13.93890380859375,-36.67449951171875
-15.5029296875,-80.5206298828125,-20.81298828125,36.24725341796875,30.84564208984375
35.4766845703125,73.42529296875,-56.83135986328125,-40.6341552734375,-28.06854248046875
-38.13934326171875,-7.49969482421875,27.94647216796875,60.89019775390625,39.306640625
58.2122802734375,6.65283203125,-22.7508544921875,-58.41827392578125,-58.17413330078125
-36.87286376953125,7.5225830078125,12.237548828125,-2.09808349609375,27.01568603515625
33.05816650390625,-24.7039794921875,-23.3001708984375,-20.88165283203125,-43.6248779296875
-46.417236328125,24.51324462890625,16.9525146484375,54.3670654296875,41.80908203125
-5.54656982421875,-74.56207275390625,-13.397216796875,-100.1434326171875,1.2359619140625
19.2108154296875,45.38726806640625,44.9981689453125,46.844482421875,39.93988037109375
-20.01953125,-17.5018310546875,-56.5643310546875,-37.53662109375,-17.32635498046875
-0.78582763671875,5.279541015625,15.76995849609375,22.7508544921875,38.5589599609375
-7.57598876953125,-6.9580078125,-34.8358154296875,-17.822265625,-36.76605224609375
-5.51605224609375,46.478271484375,17.5628662109375,25.5126953125,22.19390869140625
34.66033935546875,16.73126220703125,-23.2391357421875,2.1514892578125,-45.745849609375
-106.414794921875,13.66424560546875,38.238525390625,40.83251953125,12.39776611328125
101.21917724609375,-29.53338623046875,-14.4805908203125,-9.54437255859375,-20.01953125
-60.60028076171875,10.9405517578125,19.04296875,19.49310302734375,12.13836669921875
75.09613037109375,-9.94110107421875,1.3427734375,-28.564453125,-65.42205810546875
-23.29254150390625,12.75634765625,25.87127685546875,35.0341796875,13.1072998046875
26.20697021484375,-30.78460693359375,-67.66510009765625,-37.94097900390625,-56.3812255859375
19.02008056640625,38.2080078125,1.80816650390625,5.66864013671875,56.37359619140625
-10.31494140625,-31.25762939453125,-31.5704345703125,-32.6080322265625,-46.38671875
-37.78076171875,2.69317626953125,28.60260009765625,-3.1585693359375,45.95184326171875
38.97857666015625,-21.65985107421875,2.3040771484375,-14.01519775390625,-41.32080078125
-74.44000244140625,19.4244384765625,13.57269287109375,49.62921142578125,15.777587890625
55.2215576171875,27.24456787109375,-0.91552734375,-14.19830322265625,-45.196533203125
-50.537109375,9.17816162109375,36.4990234375,27.87017822265625,40.61126708984375
9.89532470703125,1.89971923828125,27.07672119140625,-48.11859130859375,-44.6319580078125
-51.9256591796875,-1.25885009765625,48.11859130859375,48.27880859375,64.14031982421875
-20.54595947265625,-14.739990234375,-19.012451171875,-64.94140625,-33.966064453125
13.48876953125,55.24444580078125,-5.54656982421875,33.3404541015625,17.81463623046875
6.103515625,-6.04248046875,-22.14813232421875,-9.552001953125,-0.9613037109375
2.8228759765625,-10.81085205078125,12.939453125,3.204345703125,5.279541015625
-7.720947265625,-1.77764892578125,-0.42724609375,5.04302978515625,6.17218017578125
-7.080078125,-9.84954833984375,1.312255859375,1.28936767578125,-6.1187744140625
9.3994140625,5.8441162109375,-6.18743896484375,-6.69097900390625,2.410888671875
-2.95257568359375,-3.50189208984375,5.72967529296875,6.5460205078125,6.11114501953125
-13.75579833984375,0.51116943359375,2.02178955078125,11.7950439453125,1.44195556640625
-2.95257568359375,-6.7291259765625,3.41033935546875,0.2288818359375,3.3111572265625
9.94110107421875,-3.326416015625,0.52642822265625,-12.68768310546875,10.25390625
-2.01416015625,3.5247802734375,-1.18255615234375,-4.63104248046875,12.8631591796875
-10.4217529296875,8.79669189453125,9.3536376953125,4.08935546875,-11.20758056640625
-1.35040283203125,-2.14385986328125,-6.5155029296875,6.40106201171875,-8.11767578125
0.06866455078125,-10.162353515625,-6.35528564453125,-5.2642822265625,3.39508056640625
2.3651123046875,2.55584716796875,9.77325439453125,-1.83868408203125,-12.74871826171875
-9.81903076171875,3.0670166015625,2.1209716796875,9.124755859375,-3.63922119140625
-8.97979736328125,6.20269775390625,7.2479248046875,-1.35040283203125,26.0772705078125
-5.7373046875,8.1024169921875,10.55908203125,4.94384765625,6.35528564453125
-7.4615478515625,10.35308837890625,-5.63812255859375,-3.9520263671875,-13.3819580078125
7.86590576171875,3.04412841796875,2.67791748046875,15.96832275390625,19.05059814453125
-4.9285888671875,-5.42449951171875,-5.1727294921875,1.54876708984375,2.6702880859375
-23.6663818359375,18.9666748046875,-11.48223876953125,-9.735107421875,20.1568603515625
-9.91058349609375,-6.3629150390625,9.34600830078125,11.7645263671875,-9.30023193359375
10.1776123046875,12.51220703125,5.279541015625,-12.8326416015625,-8.9874267578125
4.93621826171875,12.9852294921875,-2.410888671875,7.85064697265625,-1.007080078125
-10.7879638671875,-3.631591796875,-5.401611328125,-1.97601318359375,-5.66864013671875
-0.5035400390625,9.66644287109375,-2.11334228515625,2.90679931640625,2.63214111328125
-0.54168701171875,1.251220703125,-3.12042236328125,1.45721435546875,-0.3662109375
-13.00811767578125,-3.4942626953125,-5.45501708984375,-4.14276123046875,1.03759765625
-0.60272216796875,-0.54931640625,-7.39288330078125,7.82012939453125,9.7503662109375
0.213623046875,-7.2784423828125,-2.61688232421875,-6.09588623046875,3.7994384765625
-12.45880126953125,16.1590576171875,10.650634765625,-17.88330078125,5.035400390625
-16.05224609375,-1.57928466796875,-12.99285888671875,3.25775146484375,2.38037109375
-0.51116943359375,-4.89044189453125,-7.43865966796875,10.80322265625,-3.19671630859375
-1.9683837890625,5.72967529296875,-2.7313232421875,8.1024169921875,10.1776123046875
-0.5035400390625,8.575439453125,2.43377685546875,4.70733642578125,1.953125
4.7607421875,0.18310546875,4.241943359375,2.86865234375,26.2908935546875
-2.89154052734375,-10.09368896484375,1.80816650390625,-1.25885009765625,-4.85992431640625
9.2926025390625,-7.59124755859375,10.80322265625,-15.838623046875,2.7618408203125
-14.96124267578125,-6.439208984375,6.3629150390625,13.51165771484375,16.8304443359375
-4.39453125,13.13018798828125,-1.13677978515625,3.9825439453125,-2.105712890625
-9.42230224609375,12.53509521484375,-14.0380859375,6.03485107421875,-6.2103271484375
7.8582763671875,0.5340576171875,2.44140625,-21.58355712890625,-12.38250732421875
10.5743408203125,1.5716552734375,-9.65118408203125,-0.6256103515625,4.50897216796875
3.21197509765625,-5.31005859375,5.76019287109375,-16.79229736328125,-2.288818359375
-14.739990234375,13.58795166015625,7.26318359375,16.78466796875,-15.411376953125
1.3275146484375,-8.6822509765625,21.78192138671875,3.07464599609375,7.98797607421875
10.84136962890625,3.997802734375,7.8125,0.152587890625,10.64300537109375
14.617919921875,10.12420654296875,7.20977783203125,-5.126953125,17.89093017578125
10.56671142578125,7.34710693359375,-8.04901123046875,-0.64849853515625,-21.2554931640625
13.702392578125,-1.617431640625,-9.83428955078125,10.58197021484375,3.4942626953125
-7.568359375,31.54754638671875,-2.87628173828125,0.335693359375,9.88006591796875
-4.2572021484375,-3.45611572265625,-19.66094970703125,12.4053955078125,26.02386474609375
6.40869140625,-4.638671875,3.42559814453125,3.39508056640625,44.80743408203125
-2.28118896484375,-2.227783203125,-9.796142578125,12.7716064453125,9.94873046875
-2.20489501953125,-9.84954833984375,4.60052490234375,4.55474853515625,18.76068115234375
0.457763671875,2.6092529296875,12.24517822265625,1.312255859375,6.26373291015625
5.9814453125,-2.716064453125,-2.37274169921875,-1.86920166015625,14.10675048828125
-1.83868408203125,-1.739501953125,10.7421875,-2.0599365234375,5.279541015625
-1.16729736328125,2.25830078125,-18.22662353515625,12.97760009765625,-2.6092529296875
-6.2103271484375,7.080078125,6.866455078125,-1.15966796875,8.1634521484375
-24.383544921875,7.4005126953125,-1.06048583984375,0.3814697265625,5.1422119140625
29.71649169921875,6.98089599609375,0.12969970703125,-6.14166259765625,9.3536376953125
5.462646484375,-1.93023681640625,16.21246337890625,-5.096435546875,9.52911376953125
-3.44085693359375,-6.5460205078125,-8.04901123046875,0.5645751953125,-4.33349609375
-3.0059814453125,10.2691650390625,-14.8468017578125,9.8876953125,-3.02886962890625
-11.37542724609375,-0.63323974609375,11.29913330078125,-7.7362060546875,-5.79071044921875
-3.07464599609375,14.30511474609375,6.7901611328125,-6.04248046875,4.7607421875
-6.8359375,10.49041748046875,0.77056884765625,10.6658935546875,4.50897216796875
-11.83319091796875,-21.15631103515625,13.16070556640625,-3.97491455078125,-4.85992431640625
1.54876708984375,-4.2266845703125,8.03375244140625,7.94219970703125,-6.134033203125
7.8582763671875,-10.88714599609375,1.77001953125,-3.15093994140625,6.06536865234375
6.3629150390625,4.8828125,-5.51605224609375,-8.82720947265625,-5.43212890625
2.90679931640625,-7.94219970703125,11.40594482421875,-0.457763671875,-9.307861328125
19.0277099609375,-6.744384765625,-4.0435791015625,8.59832763671875,1.220703125
6.03485107421875,-6.46209716796875,4.08935546875,6.09588623046875,-11.68060302734375
17.0745849609375,25.4974365234375,-1.48773193359375,4.1046142578125,-0.1220703125
8.64410400390625,-6.3323974609375,-6.43157958984375,-10.59722900390625,28.289794921875
2.81524658203125,-10.7269287109375,23.284912109375,6.7291259765625,5.65338134765625
-1.36566162109375,5.3863525390625,1.6632080078125,-7.0953369140625,-3.143310546875
12.88604736328125,19.27947998046875,-1.5411376953125,-1.16729736328125,17.7001953125
4.67681884765625,-4.75311279296875,-4.44793701171875,-8.0718994140625,8.0718994140625
-1.15203857421875,-9.46807861328125,1.41143798828125,0.26702880859375,6.8359375
-14.495849609375,-8.7127685546875,0.80108642578125,8.1329345703125,-6.09588623046875
-6.14166259765625,1.28173828125,4.39453125,7.9498291015625,-0.92315673828125
4.89044189453125,2.02178955078125,0.8697509765625,-16.67022705078125,9.22393798828125
2.00653076171875,7.0343017578125,-1.28173828125,-8.9874267578125,4.45556640625
8.60595703125,12.0391845703125,5.9661865234375,-13.13018798828125,8.941650390625
19.72198486328125,-11.32965087890625,-3.70025634765625,2.0904541015625,1.0986328125
6.9732666015625,16.91436767578125,3.28826904296875,-8.87298583984375,2.2735595703125
-21.1639404296875,8.514404296875,-11.26861572265625,17.05169677734375,7.9498291015625
-17.60101318359375,0.91552734375,-13.4735107421875,10.20050048828125,15.26641845703125
20.6298828125,7.8277587890625,-18.27239990234375,-26.18408203125,-14.923095703125
-3.12042236328125,-8.07952880859375,19.27947998046875,0.09918212890625,-14.67132568359375
25.50506591796875,-1.953125,-23.01788330078125,-8.88824462890625,14.3585205078125
4.28009033203125,-11.95526123046875,12.00103759765625,-11.1541748046875,-0.457763671875
-5.07354736328125,12.12310791015625,6.40869140625,1.68609619140625,-12.91656494140625
7.2784423828125,-0.3814697265625,8.575439453125,0.67138671875,5.95855712890625
8.43048095703125,-1.77764892578125,-12.68768310546875,-11.932373046875,-0.57220458984375
-8.62884521484375,6.1798095703125,0.0,6.5765380859375,-1.91497802734375
9.42230224609375,-3.80706787109375,-5.50079345703125,-0.1068115234375,-11.65008544921875
-1.0986328125,-8.81195068359375,2.1820068359375,-8.96453857421875,3.45611572265625
7.7667236328125,-7.7056884765625,-1.50299072265625,8.6517333984375,-15.8843994140625
14.21356201171875,-6.500244140625,-2.96783447265625,17.1966552734375,-5.55419921875
-5.9356689453125,3.204345703125,-13.17596435546875,11.810302734375,-10.09368896484375
-1.51824951171875,-8.7738037109375,-9.43756103515625,8.04901123046875,-8.3160400390625
-4.7454833984375,8.8043212890625,-9.490966796875,0.30517578125,-7.46917724609375
4.61578369140625,10.41412353515625,-13.25225830078125,-1.9989013671875,6.47735595703125
-11.71112060546875,6.47735595703125,-6.2255859375,-0.1983642578125,13.7176513671875
-5.4473876953125,1.3427734375,-3.11279296875,-0.58746337890625,14.2974853515625
-7.7362060546875,5.3253173828125,-1.068115234375,-7.2479248046875,9.97161865234375
20.72906494140625,-15.3045654296875,11.77978515625,9.9945068359375,-30.33447265625
18.951416015625,22.65167236328125,-30.93719482421875,12.09259033203125,6.4849853515625
-31.19659423828125,4.5318603515625,4.7149658203125,-11.17706298828125,26.84783935546875
-20.45440673828125,-15.472412109375,21.0418701171875,-21.2554931640625,16.12091064453125
33.47015380859375,-27.59552001953125,3.0975341796875,29.68597412109375,-30.46417236328125
-25.115966796875,34.90447998046875,-24.4598388671875,20.20263671875,28.472900390625
-18.6614990234375,-0.0762939453125,33.8134765625,-21.17156982421875,-22.57537841796875
31.1279296875,-14.70947265625,-36.4990234375,34.62982177734375,-17.14324951171875
-13.61846923828125,31.19659423828125,-23.62060546875,30.55572509765625,18.15032958984375
-36.87286376953125,32.69195556640625,-8.819580078125,-40.0238037109375,41.17584228515625
5.1116943359375,7.69805908203125,-13.66424560546875,12.39013671875,-9.23919677734375
11.00921630859375,1.15203857421875,-1.251220703125,8.270263671875,-2.28118896484375
13.11492919921875,3.7841796875,-9.2926025390625,7.78961181640625,-5.59234619140625
7.04193115234375,4.5166015625,-1.3275146484375,3.570556640625,-3.15093994140625
-2.13623046875,-3.6773681640625,-3.5552978515625,2.34222412109375,-8.38470458984375
-1.77764892578125,-1.7242431640625,-7.36236572265625,-5.0201416015625,-3.01361083984375
-3.6773681640625,13.60321044921875,-9.63592529296875,19.2718505859375,-2.87628173828125
-6.866455078125,9.78851318359375,-8.39996337890625,8.11004638671875,-2.15911865234375
-1.10626220703125,5.19561767578125,-11.55853271484375,10.711669921875,-9.07135009765625
-10.711669921875,9.30023193359375,-2.69317626953125,5.34820556640625,-10.81085205078125
-10.42938232421875,-10.589599609375,-9.4451904296875,20.599365234375,-14.0838623046875
-10.3607177734375,24.47509765625,-5.85174560546875,20.4010009765625,19.4244384765625
-27.83966064453125,13.81683349609375,-1.6937255859375,-0.6866455078125,16.5863037109375
1.18255615234375,7.232666015625,18.157958984375,-18.34869384765625,13.58795166015625
0.74005126953125,-24.65057373046875,20.4620361328125,4.87518310546875,-3.2958984375
21.5606689453125,-0.06103515625,-30.18951416015625,15.0299072265625,-2.08282470703125
1.312255859375,17.7764892578125,-7.07244873046875,-12.77923583984375,11.138916015625
-6.256103515625,-18.2342529296875,7.2021484375,-20.28656005859375,-34.210205078125
29.04510498046875,-3.4332275390625,-4.28009033203125,22.81951904296875,13.43536376953125
-17.4713134765625,-11.0015869140625,22.66693115234375,-26.092529296875,-1.03759765625
9.52911376953125,6.81304931640625,0.28228759765625,0.81634521484375,4.78363037109375
6.20269775390625,-4.6844482421875,4.12750244140625,-2.08282470703125,-1.91497802734375
-1.617431640625,-5.06591796875,10.1318359375,-7.16400146484375,5.9356689453125
-8.07952880859375,-8.514404296875,10.74981689453125,-5.096435546875,4.12750244140625
6.5460205078125,-17.5323486328125,6.683349609375,6.53076171875,-0.4119873046875
-3.1585693359375,19.47784423828125,-8.331298828125,16.2200927734375,-5.584716796875
4.8675537109375,14.18304443359375,-13.42010498046875,0.25177001953125,-12.8173828125
2.54058837890625,-15.66314697265625,15.75469970703125,7.2479248046875,-16.07513427734375
15.89202880859375,10.21575927734375,4.425048828125,7.43865966796875,6.7901611328125
1.8768310546875,3.9825439453125,-7.904052734375,12.237548828125,-15.28167724609375
1.74713134765625,-14.99176025390625,-2.66265869140625,13.22174072265625,-21.44622802734375
8.00323486328125,-6.79779052734375,-19.15740966796875,35.14862060546875,-19.02008056640625
21.40045166015625,-12.115478515625,1.97601318359375,28.9764404296875,-8.73565673828125
-1.190185546875,24.2919921875,-30.181884765625,-13.83209228515625,0.2899169921875
28.4423828125,4.14276123046875,-18.7835693359375,5.31005859375,11.26861572265625
12.29095458984375,-14.03045654296875,2.49481201171875,15.46478271484375,0.96893310546875
-14.82391357421875,10.8184814453125,14.7705078125,-25.48980712890625,8.59832763671875
7.20977783203125,-10.1165771484375,-3.7994384765625,23.1475830078125,-36.1785888671875
8.33892822265625,32.95135498046875,-11.46697998046875,-20.050048828125,16.29638671875
5.1116943359375,-24.8870849609375,7.20977783203125,11.41357421875,-12.2833251953125
8.82720947265625,-10.45989990234375,15.12908935546875,-8.9263916015625,13.83209228515625
-6.439208984375,7.31658935546875,-11.97052001953125,12.8021240234375,-7.5836181640625
6.81304931640625,3.12042236328125,-6.0272216796875,4.90570068359375,-14.44244384765625
14.71710205078125,-7.16400146484375,13.22174072265625,1.953125,-3.9215087890625
4.302978515625,-10.01739501953125,14.90020751953125,-5.645751953125,-4.913330078125
11.810302734375,-2.105712890625,6.988525390625,-7.57598876953125,9.735107421875
-7.31658935546875,1.129150390625,-8.7127685546875,17.2119140625,0.80108642578125
-5.21087646484375,-0.8087158203125,-10.528564453125,14.4195556640625,-15.106201171875
14.0380859375,-2.13623046875,6.24847412109375,-3.1890869140625,-8.24737548828125
13.275146484375,-8.819580078125,7.02667236328125,-14.068603515625,5.67626953125
1.15203857421875,15.32745361328125,-18.42498779296875,24.39117431640625,24.932861328125
-31.99005126953125,6.44683837890625,27.587890625,-12.908935546875,1.73187255859375
14.2059326171875,-11.89422607421875,-7.537841796875,12.908935546875,6.79779052734375
-13.97705078125,-6.61468505859375,13.2598876953125,-15.29693603515625,-3.24249267578125
4.4403076171875,-11.87896728515625,-4.57000732421875,-0.5950927734375,0.1068115234375
-16.6015625,15.00701904296875,-4.3792724609375,-1.8768310546875,2.64739990234375
-2.78472900390625,4.43267822265625,12.21466064453125,-5.34820556640625,-2.288818359375
20.56121826171875,-4.852294921875,-5.60760498046875,13.9923095703125,2.57110595703125
-23.47564697265625,14.61029052734375,-9.1094970703125,-23.74267578125,9.88006591796875
-12.5885009765625,-20.92742919921875,2.99072265625,20.99609375,0.12969970703125
-11.65008544921875,-11.45172119140625,0.54931640625,11.7340087890625,-2.01416015625
12.51983642578125,-14.97650146484375,13.7481689453125,-24.87945556640625,-1.60980224609375
-8.73565673828125,0.9918212890625,13.13018798828125,-27.89306640625,-0.48828125
-10.1165771484375,19.59991455078125,3.13568115234375,-13.95416259765625,29.56390380859375
-12.664794921875,4.3182373046875,-6.744384765625,-6.49261474609375,17.95196533203125
2.67791748046875,-14.190673828125,10.9100341796875,-23.49090576171875,10.53619384765625
18.62335205078125,-21.67510986328125,18.9056396484375,28.87725830078125,-25.26092529296875
23.20098876953125,-11.7645263671875,-31.036376953125,3.02886962890625,-38.09356689453125
31.0211181640625,-2.288818359375,12.3291015625,-13.49639892578125,17.669677734375
4.6539306640625,-14.28985595703125,-18.1884765625,1.4801025390625,0.80108642578125
8.75091552734375,-7.8887939453125,-0.579833984375,8.4228515625,-7.080078125
4.150390625,21.32415771484375,-9.05609130859375,-0.7171630859375,19.88983154296875
-5.9661865234375,-15.31219482421875,14.068603515625,-7.9498291015625,-16.33453369140625
-0.091552734375,8.3465576171875,-6.32476806640625,4.23431396484375,4.15802001953125
-7.14874267578125,-8.88824462890625,7.80487060546875,-5.31768798828125,-9.0484619140625
9.63592529296875,2.25830078125,-6.0272216796875,19.378662109375,4.5013427734375
-7.8125,1.85394287109375,12.00103759765625,-12.7105712890625,5.584716796875
-2.66265869140625,-8.544921875,14.19830322265625,4.05120849609375,-6.53076171875
-0.48065185546875,14.80865478515625,-10.955810546875,-1.678466796875,17.02880859375
9.54437255859375,-17.547607421875,11.23046875,2.50244140625,-17.37213134765625
-1.41143798828125,-6.21795654296875,-2.960205078125,1.5716552734375,-2.3956298828125
8.8653564453125,-4.44793701171875,4.96673583984375,-7.26318359375,4.08935546875
-5.67626953125,-0.5645751953125,0.28228759765625,2.2735595703125,-2.777099609375
6.378173828125,-6.96563720703125,0.84686279296875,4.5013427734375,-1.9073486328125
1.70135498046875,1.21307373046875,-1.38092041015625,2.3651123046875,-3.72314453125
6.5155029296875,-5.22613525390625,7.37762451171875,-8.0108642578125,6.23321533203125
-5.02777099609375,1.12152099609375,-7.30133056640625,5.31005859375,-9.063720703125
0.92315673828125,-3.19671630859375,8.90350341796875,-2.3040771484375,7.11822509765625
4.08172607421875,-1.56402587890625,-1.16729736328125,-12.0697021484375,8.61358642578125
-3.80706787109375,-0.732421875,4.38690185546875,-6.53839111328125,9.30023193359375
-18.73016357421875,14.1448974609375,-40.62652587890625,38.04779052734375,1.07574462890625
-35.14862060546875,31.18133544921875,-6.70623779296875,-20.82061767578125,21.93450927734375
-20.9503173828125,14.8468017578125,-13.0462646484375,-13.23699951171875,7.6141357421875
-23.53668212890625,-4.302978515625,28.87725830078125,-19.1497802734375,28.289794921875
-23.956298828125,13.13018798828125,-1.28936767578125,-24.75738525390625,46.5850830078125
-43.46466064453125,0.89263916015625,4.29534912109375,-37.5518798828125,43.52569580078125
-18.4478759765625,-22.0489501953125,33.63800048828125,-30.2886962890625,58.1512451171875
-14.6484375,7.415771484375,-11.5203857421875,-34.5916748046875,14.71710205078125
-2.9754638671875,-30.54046630859375,70.22857666015625,-30.69305419921875,-22.3846435546875
51.41448974609375,0.8392333984375,-14.1754150390625,2.34222412109375,-41.34368896484375
-8.2550048828125,4.3792724609375,5.39398193359375,3.71551513671875,8.3770751953125
4.26483154296875,-6.5155029296875,0.49591064453125,-10.56671142578125,-4.669189453125
-2.532958984375,-8.23974609375,5.86700439453125,-14.3280029296875,11.53564453125
-10.58197021484375,4.21905517578125,5.97381591796875,6.43157958984375,8.78143310546875
-8.6822509765625,-2.70843505859375,1.89208984375,-0.54931640625,4.9591064453125
-5.218505859375,-4.241943359375,-1.57928466796875,-2.22015380859375,3.4332275390625
-4.99725341796875,5.79833984375,-1.0528564453125,0.67901611328125,-3.1585693359375
-4.50897216796875,-4.64630126953125,4.9285888671875,3.66973876953125,-4.43267822265625
1.739501953125,1.62506103515625,6.88934326171875,-8.4228515625,2.13623046875
1.41143798828125,6.6070556640625,-13.7176513671875,2.227783203125,1.45721435546875
-10.91766357421875,-11.138916015625,-12.4053955078125,7.4920654296875,4.95147705078125
-3.53240966796875,16.17431640625,-1.0528564453125,-34.88922119140625,22.48382568359375
-59.91363525390625,25.1922607421875,-12.4664306640625,11.9781494140625,-2.93731689453125
-15.89202880859375,-28.350830078125,38.818359375,3.8909912109375,-41.8701171875
22.03369140625,30.95245361328125,-13.60321044921875,-4.24957275390625,8.0108642578125
-0.457763671875,2.5634765625,13.49639892578125,-13.0157470703125,8.01849365234375
4.852294921875,-6.62994384765625,23.3001708984375,-17.303466796875,21.8505859375
-14.495849609375,30.93719482421875,-15.09857177734375,-20.95794677734375,5.9051513671875
24.02496337890625,-0.40435791015625,6.439208984375,22.37701416015625,-16.0980224609375
30.975341796875,-19.06585693359375,26.092529296875,-18.8446044921875,13.26751708984375
-2.25830078125,1.251220703125,3.56292724609375,-5.0811767578125,6.011962890625
-2.899169921875,7.60650634765625,-7.65228271484375,-7.83538818359375,10.7574462890625
-6.26373291015625,-6.89697265625,9.77325439453125,0.23651123046875,18.9666748046875
7.537841796875,-10.94818115234375,-1.01470947265625,6.23321533203125,5.2337646484375
-19.4244384765625,4.24957275390625,-0.49591064453125,-5.4931640625,16.89910888671875
3.8604736328125,0.9765625,2.9296875,-22.2320556640625,13.2598876953125
-8.3465576171875,6.9580078125,8.6822509765625,-11.86370849609375,2.20489501953125
13.3209228515625,-3.08990478515625,6.866455078125,-0.90789794921875,2.67791748046875
-0.58746337890625,-4.90570068359375,-0.0762939453125,-5.65338134765625,2.38037109375
4.24957275390625,-7.04193115234375,-3.7384033203125,-5.828857421875,5.60760498046875
12.054443359375,2.1209716796875,0.12969970703125,-0.762939453125,7.32421875
-1.99127197265625,-2.105712890625,-2.105712890625,-1.54876708984375,0.99945068359375
-17.9595947265625,-2.777099609375,11.9781494140625,-18.6767578125,-6.317138671875
14.068603515625,-13.11492919921875,-12.1002197265625,50.31585693359375,-4.4708251953125
-27.679443359375,36.68975830078125,-15.8843994140625,-0.5035400390625,29.41131591796875
-7.2784423828125,-8.72039794921875,36.65924072265625,-18.37921142578125,-6.59942626953125
29.39605712890625,-21.026611328125,-2.62451171875,41.63360595703125,-23.75030517578125
-18.19610595703125,3.94439697265625,-18.16558837890625,16.34979248046875,-17.608642578125
-7.80487060546875,27.32086181640625,-14.4805908203125,-13.17596435546875,2.899169921875
2.288818359375,-8.82720947265625,11.6729736328125,-5.76019287109375,-6.0882568359375
-1.56402587890625,22.4151611328125,-7.20977783203125,10.50567626953125,-11.78741455078125
-3.3721923828125,-4.35638427734375,-11.627197265625,9.23919677734375,-9.46807861328125
6.5460205078125,-6.14166259765625,0.7171630859375,7.0037841796875,-11.39068603515625
8.61358642578125,-2.58636474609375,1.6326904296875,10.71929931640625,-16.65496826171875
10.16998291015625,-5.7525634765625,6.93511962890625,-12.18414306640625,-1.7547607421875
-6.49261474609375,9.75799560546875,-2.3040771484375,6.3323974609375,-1.88446044921875
9.4451904296875,-0.25177001953125,14.71710205078125,-7.83538818359375,11.2457275390625
-7.50732421875,13.74053955078125,-5.30242919921875,12.90130615234375,-6.15692138671875
-2.899169921875,8.0718994140625,-5.6610107421875,10.92529296875,-6.47735595703125
-10.47515869140625,-9.6893310546875,12.18414306640625,-8.14056396484375,7.51495361328125
9.490966796875,7.16400146484375,18.6767578125,-20.94268798828125,-2.197265625
19.50836181640625,-30.11322021484375,18.890380859375,-17.38739013671875,-7.46917724609375
16.2811279296875,-13.0157470703125,13.20648193359375,13.214111328125,-19.23370361328125
11.94000244140625,-1.46484375,-20.599365234375,19.3634033203125,-2.03704833984375
9.57489013671875,-4.6234130859375,12.75634765625,22.74322509765625,-16.29638671875
16.3726806640625,-0.14495849609375,4.69207763671875,20.74432373046875,-18.6767578125
-2.37274169921875,21.84295654296875,-26.32904052734375,1.1444091796875,-29.60968017578125
19.744873046875,14.4805908203125,-15.533447265625,19.989013671875,-5.50079345703125
-10.833740234375,-0.81634521484375,5.21087646484375,-12.8936767578125,15.93017578125
5.85174560546875,4.0435791015625,-25.13885498046875,15.15960693359375,-6.14166259765625
1.56402587890625,-5.9967041015625,-0.51116943359375,-9.3536376953125,-9.46807861328125
2.70843505859375,-15.0604248046875,12.38250732421875,-3.71551513671875,-12.176513671875
13.5650634765625,3.9215087890625,-4.09698486328125,8.514404296875,1.434326171875
7.13348388671875,-4.8828125,-2.3345947265625,5.91278076171875,-0.8544921875
0.80108642578125,-5.56182861328125,7.01141357421875,-10.833740234375,7.24029541015625
3.753662109375,-0.80108642578125,4.5623779296875,3.6163330078125,11.688232421875
-12.176513671875,16.6168212890625,-3.4637451171875,-6.11114501953125,-3.92913818359375
-4.33349609375,7.27081298828125,-4.95147705078125,9.20867919921875,2.92205810546875
-2.685546875,11.48223876953125,-3.1280517578125,2.410888671875,-8.70513916015625
-2.73895263671875,14.85443115234375,-7.28607177734375,3.173828125,-1.15966796875
-8.50677490234375,4.52423095703125,-24.31488037109375,-14.6331787109375,2.0751953125
-2.98309326171875,-10.23101806640625,-2.84576416015625,-21.148681640625,12.5732421875
-8.73565673828125,39.71099853515625,-14.91546630859375,-6.69097900390625,42.05322265625
-19.439697265625,-6.5765380859375,51.47552490234375,-29.3426513671875,60.69183349609375
-5.4779052734375,4.4708251953125,18.48602294921875,-19.195556640625,10.833740234375
-12.47406005859375,-7.7667236328125,10.4217529296875,-1.80816650390625,-11.7034912109375
-9.10186767578125,2.35748291015625,-17.06695556640625,4.64630126953125,4.40216064453125
-15.20538330078125,45.684814453125,-6.62994384765625,-21.00372314453125,22.80426025390625
-27.10723876953125,12.3291015625,-12.5885009765625,52.72674560546875,-41.2750244140625
-18.83697509765625,26.2298583984375,-19.775390625,0.5950927734375,-39.1082763671875
